-- MySQL dump 10.13  Distrib 8.0.27, for Win64 (x86_64)
--
-- Host: localhost    Database: dartdb
-- ------------------------------------------------------
-- Server version	8.0.27

/*!40101 SET @OLD_CHARACTER_SET_CLIENT=@@CHARACTER_SET_CLIENT */;
/*!40101 SET @OLD_CHARACTER_SET_RESULTS=@@CHARACTER_SET_RESULTS */;
/*!40101 SET @OLD_COLLATION_CONNECTION=@@COLLATION_CONNECTION */;
/*!50503 SET NAMES utf8 */;
/*!40103 SET @OLD_TIME_ZONE=@@TIME_ZONE */;
/*!40103 SET TIME_ZONE='+00:00' */;
/*!40014 SET @OLD_UNIQUE_CHECKS=@@UNIQUE_CHECKS, UNIQUE_CHECKS=0 */;
/*!40014 SET @OLD_FOREIGN_KEY_CHECKS=@@FOREIGN_KEY_CHECKS, FOREIGN_KEY_CHECKS=0 */;
/*!40101 SET @OLD_SQL_MODE=@@SQL_MODE, SQL_MODE='NO_AUTO_VALUE_ON_ZERO' */;
/*!40111 SET @OLD_SQL_NOTES=@@SQL_NOTES, SQL_NOTES=0 */;

--
-- Table structure for table `aclass_pass`
--

DROP TABLE IF EXISTS `aclass_pass`;
/*!40101 SET @saved_cs_client     = @@character_set_client */;
/*!50503 SET character_set_client = utf8mb4 */;
CREATE TABLE `aclass_pass` (
  `passid` int NOT NULL,
  `pid` varchar(4) NOT NULL,
  `month` varchar(10) NOT NULL,
  `year` varchar(10) NOT NULL,
  PRIMARY KEY (`month`,`pid`,`passid`,`year`),
  KEY `passid` (`passid`),
  KEY `pid` (`pid`),
  CONSTRAINT `aclass_pass_ibfk_1` FOREIGN KEY (`passid`) REFERENCES `pass` (`passid`),
  CONSTRAINT `aclass_pass_ibfk_2` FOREIGN KEY (`pid`) REFERENCES `aclass_passenger` (`pid`)
) ENGINE=InnoDB DEFAULT CHARSET=utf8mb4 COLLATE=utf8mb4_0900_ai_ci;
/*!40101 SET character_set_client = @saved_cs_client */;

--
-- Dumping data for table `aclass_pass`
--

LOCK TABLES `aclass_pass` WRITE;
/*!40000 ALTER TABLE `aclass_pass` DISABLE KEYS */;
INSERT INTO `aclass_pass` VALUES (1,'P003','December','2019'),(2,'P006','May','2020'),(3,'P112','January','2021');
/*!40000 ALTER TABLE `aclass_pass` ENABLE KEYS */;
UNLOCK TABLES;

--
-- Table structure for table `aclass_passenger`
--

DROP TABLE IF EXISTS `aclass_passenger`;
/*!40101 SET @saved_cs_client     = @@character_set_client */;
/*!50503 SET character_set_client = utf8mb4 */;
CREATE TABLE `aclass_passenger` (
  `pid` varchar(4) NOT NULL,
  PRIMARY KEY (`pid`),
  CONSTRAINT `aclass_passenger_ibfk_1` FOREIGN KEY (`pid`) REFERENCES `person` (`pid`)
) ENGINE=InnoDB DEFAULT CHARSET=utf8mb4 COLLATE=utf8mb4_0900_ai_ci;
/*!40101 SET character_set_client = @saved_cs_client */;

--
-- Dumping data for table `aclass_passenger`
--

LOCK TABLES `aclass_passenger` WRITE;
/*!40000 ALTER TABLE `aclass_passenger` DISABLE KEYS */;
INSERT INTO `aclass_passenger` VALUES ('P001'),('P003'),('P006'),('P007'),('P009'),('P010'),('P011'),('P013'),('P019'),('P112');
/*!40000 ALTER TABLE `aclass_passenger` ENABLE KEYS */;
UNLOCK TABLES;

--
-- Table structure for table `astar_pass`
--

DROP TABLE IF EXISTS `astar_pass`;
/*!40101 SET @saved_cs_client     = @@character_set_client */;
/*!50503 SET character_set_client = utf8mb4 */;
CREATE TABLE `astar_pass` (
  `passid` int NOT NULL,
  `pid` varchar(4) NOT NULL,
  PRIMARY KEY (`passid`),
  KEY `pid` (`pid`),
  CONSTRAINT `astar_pass_ibfk_1` FOREIGN KEY (`passid`) REFERENCES `pass` (`passid`),
  CONSTRAINT `astar_pass_ibfk_2` FOREIGN KEY (`pid`) REFERENCES `astar_passenger` (`pid`)
) ENGINE=InnoDB DEFAULT CHARSET=utf8mb4 COLLATE=utf8mb4_0900_ai_ci;
/*!40101 SET character_set_client = @saved_cs_client */;

--
-- Dumping data for table `astar_pass`
--

LOCK TABLES `astar_pass` WRITE;
/*!40000 ALTER TABLE `astar_pass` DISABLE KEYS */;
INSERT INTO `astar_pass` VALUES (4,'P002'),(5,'P002'),(6,'P004');
/*!40000 ALTER TABLE `astar_pass` ENABLE KEYS */;
UNLOCK TABLES;

--
-- Table structure for table `astar_passenger`
--

DROP TABLE IF EXISTS `astar_passenger`;
/*!40101 SET @saved_cs_client     = @@character_set_client */;
/*!50503 SET character_set_client = utf8mb4 */;
CREATE TABLE `astar_passenger` (
  `pid` varchar(4) NOT NULL,
  PRIMARY KEY (`pid`),
  CONSTRAINT `astar_passenger_ibfk_1` FOREIGN KEY (`pid`) REFERENCES `person` (`pid`)
) ENGINE=InnoDB DEFAULT CHARSET=utf8mb4 COLLATE=utf8mb4_0900_ai_ci;
/*!40101 SET character_set_client = @saved_cs_client */;

--
-- Dumping data for table `astar_passenger`
--

LOCK TABLES `astar_passenger` WRITE;
/*!40000 ALTER TABLE `astar_passenger` DISABLE KEYS */;
INSERT INTO `astar_passenger` VALUES ('P001'),('P002'),('P004'),('P005'),('P007'),('P008'),('P009'),('P010'),('P011'),('P012'),('P013'),('P014'),('P015'),('P017'),('P019'),('P111');
/*!40000 ALTER TABLE `astar_passenger` ENABLE KEYS */;
UNLOCK TABLES;

--
-- Table structure for table `bus`
--

DROP TABLE IF EXISTS `bus`;
/*!40101 SET @saved_cs_client     = @@character_set_client */;
/*!50503 SET character_set_client = utf8mb4 */;
CREATE TABLE `bus` (
  `busno` int NOT NULL,
  `licno` varchar(20) NOT NULL,
  `noofseats` int NOT NULL,
  `ttid` varchar(4) NOT NULL,
  `routeid` int NOT NULL,
  `eid` varchar(4) DEFAULT NULL,
  PRIMARY KEY (`busno`),
  KEY `ttid` (`ttid`),
  KEY `routeid` (`routeid`),
  KEY `bus_ibfk_3` (`eid`),
  CONSTRAINT `bus_ibfk_1` FOREIGN KEY (`ttid`) REFERENCES `timetable` (`ttid`),
  CONSTRAINT `bus_ibfk_2` FOREIGN KEY (`routeid`) REFERENCES `route` (`routeid`),
  CONSTRAINT `bus_ibfk_3` FOREIGN KEY (`eid`) REFERENCES `employee` (`eid`)
) ENGINE=InnoDB DEFAULT CHARSET=utf8mb4 COLLATE=utf8mb4_0900_ai_ci;
/*!40101 SET character_set_client = @saved_cs_client */;

--
-- Dumping data for table `bus`
--

LOCK TABLES `bus` WRITE;
/*!40000 ALTER TABLE `bus` DISABLE KEYS */;
INSERT INTO `bus` VALUES (1001,'YC-8914',44,'DT28',6,'P008'),(1002,'QK-9786',33,'DT22',8,'P017'),(1003,'XN-9461',60,'DT45',2,'P017'),(1004,'SD-5398',36,'DT65',10,'P008'),(1005,'CK-1129',52,'DT84',4,'P017'),(1006,'IB-9756',43,'DT48',1,'P008'),(1007,'RU-6288',38,'DT40',9,'P017'),(1008,'VP-3006',30,'DT39',3,'P017'),(1009,'JX-1798',56,'DT93',7,'P008'),(1010,'VR-6297',54,'DT00',5,'P008');
/*!40000 ALTER TABLE `bus` ENABLE KEYS */;
UNLOCK TABLES;

--
-- Table structure for table `busstop`
--

DROP TABLE IF EXISTS `busstop`;
/*!40101 SET @saved_cs_client     = @@character_set_client */;
/*!50503 SET character_set_client = utf8mb4 */;
CREATE TABLE `busstop` (
  `routeid` int NOT NULL,
  `busstopid` int NOT NULL,
  PRIMARY KEY (`routeid`,`busstopid`),
  CONSTRAINT `busstop_ibfk_1` FOREIGN KEY (`routeid`) REFERENCES `route` (`routeid`)
) ENGINE=InnoDB DEFAULT CHARSET=utf8mb4 COLLATE=utf8mb4_0900_ai_ci;
/*!40101 SET character_set_client = @saved_cs_client */;

--
-- Dumping data for table `busstop`
--

LOCK TABLES `busstop` WRITE;
/*!40000 ALTER TABLE `busstop` DISABLE KEYS */;
INSERT INTO `busstop` VALUES (1,1),(1,2),(1,3),(1,4),(1,5),(2,6),(2,7),(2,8),(2,9),(2,10),(2,11),(2,12),(3,13),(3,14),(4,15),(4,16),(4,17),(4,18);
/*!40000 ALTER TABLE `busstop` ENABLE KEYS */;
UNLOCK TABLES;

--
-- Table structure for table `drives`
--

DROP TABLE IF EXISTS `drives`;
/*!40101 SET @saved_cs_client     = @@character_set_client */;
/*!50503 SET character_set_client = utf8mb4 */;
CREATE TABLE `drives` (
  `eid` varchar(4) NOT NULL,
  `busno` int NOT NULL,
  `date` date NOT NULL,
  PRIMARY KEY (`busno`,`eid`,`date`),
  KEY `eid` (`eid`),
  CONSTRAINT `drives_ibfk_1` FOREIGN KEY (`busno`) REFERENCES `bus` (`busno`),
  CONSTRAINT `drives_ibfk_2` FOREIGN KEY (`eid`) REFERENCES `employee` (`eid`)
) ENGINE=InnoDB DEFAULT CHARSET=utf8mb4 COLLATE=utf8mb4_0900_ai_ci;
/*!40101 SET character_set_client = @saved_cs_client */;

--
-- Dumping data for table `drives`
--

LOCK TABLES `drives` WRITE;
/*!40000 ALTER TABLE `drives` DISABLE KEYS */;
INSERT INTO `drives` VALUES ('P008',1002,'2017-01-03'),('P008',1002,'2017-01-10'),('P008',1002,'2017-01-17'),('P008',1002,'2017-01-24'),('P008',1002,'2017-01-31'),('P008',1002,'2017-02-07'),('P008',1002,'2017-02-14'),('P008',1002,'2017-02-21'),('P008',1002,'2017-02-28'),('P008',1002,'2017-03-07'),('P008',1002,'2017-03-14'),('P008',1002,'2017-03-21'),('P008',1002,'2017-03-28'),('P008',1002,'2017-04-04'),('P008',1002,'2017-04-11'),('P008',1002,'2017-04-18'),('P008',1002,'2017-04-25'),('P008',1002,'2017-05-02'),('P008',1002,'2017-05-09'),('P008',1002,'2017-05-16'),('P008',1002,'2017-05-23'),('P008',1002,'2017-05-30'),('P008',1002,'2017-06-06'),('P008',1002,'2017-06-13'),('P008',1002,'2017-06-20'),('P008',1002,'2017-06-27'),('P008',1002,'2017-07-04'),('P008',1002,'2017-07-11'),('P008',1002,'2017-07-18'),('P008',1002,'2017-07-25'),('P008',1002,'2017-08-01'),('P008',1002,'2017-08-08'),('P008',1002,'2017-08-15'),('P008',1002,'2017-08-22'),('P008',1002,'2017-08-29'),('P008',1002,'2017-09-05'),('P008',1002,'2017-09-12'),('P008',1002,'2017-09-19'),('P008',1002,'2017-09-26'),('P008',1002,'2017-10-03'),('P008',1002,'2017-10-10'),('P008',1002,'2017-10-17'),('P008',1002,'2017-10-24'),('P008',1002,'2017-10-31'),('P008',1002,'2017-11-07'),('P008',1002,'2017-11-14'),('P008',1002,'2017-11-21'),('P008',1002,'2017-11-28'),('P008',1002,'2017-12-05'),('P008',1002,'2017-12-12'),('P008',1002,'2017-12-19'),('P008',1002,'2017-12-26'),('P008',1002,'2018-01-02'),('P008',1002,'2018-01-09'),('P008',1002,'2018-01-16'),('P008',1002,'2018-01-23'),('P008',1002,'2018-01-30'),('P008',1002,'2018-02-06'),('P008',1002,'2018-02-13'),('P008',1002,'2018-02-20'),('P008',1002,'2018-02-27'),('P008',1002,'2018-03-06'),('P008',1002,'2018-03-13'),('P008',1002,'2018-03-20'),('P008',1002,'2018-03-27'),('P008',1002,'2018-04-03'),('P008',1002,'2018-04-10'),('P008',1002,'2018-04-17'),('P008',1002,'2018-04-24'),('P008',1002,'2018-05-01'),('P008',1002,'2018-05-08'),('P008',1002,'2018-05-15'),('P008',1002,'2018-05-22'),('P008',1002,'2018-05-29'),('P008',1002,'2018-06-05'),('P008',1002,'2018-06-12'),('P008',1002,'2018-06-19'),('P008',1002,'2018-06-26'),('P008',1002,'2018-07-03'),('P008',1002,'2018-07-10'),('P008',1002,'2018-07-17'),('P008',1002,'2018-07-24'),('P008',1002,'2018-07-31'),('P008',1002,'2018-08-07'),('P008',1002,'2018-08-14'),('P008',1002,'2018-08-21'),('P008',1002,'2018-08-28'),('P008',1002,'2018-09-04'),('P008',1002,'2018-09-11'),('P008',1002,'2018-09-18'),('P008',1002,'2018-09-25'),('P008',1002,'2018-10-02'),('P008',1002,'2018-10-09'),('P008',1002,'2018-10-16'),('P008',1002,'2018-10-23'),('P008',1002,'2018-10-30'),('P008',1002,'2018-11-06'),('P008',1002,'2018-11-13'),('P008',1002,'2018-11-20'),('P008',1002,'2018-11-27'),('P008',1002,'2018-12-04'),('P008',1002,'2018-12-11'),('P008',1002,'2018-12-18'),('P008',1002,'2018-12-25'),('P008',1002,'2019-01-01'),('P008',1002,'2019-01-08'),('P008',1002,'2019-01-15'),('P008',1002,'2019-01-22'),('P008',1002,'2019-01-29'),('P008',1002,'2019-02-05'),('P008',1002,'2019-02-12'),('P008',1002,'2019-02-19'),('P008',1002,'2019-02-26'),('P008',1002,'2019-03-05'),('P008',1002,'2019-03-12'),('P008',1002,'2019-03-19'),('P008',1002,'2019-03-26'),('P008',1002,'2019-04-02'),('P008',1002,'2019-04-09'),('P008',1002,'2019-04-16'),('P008',1002,'2019-04-23'),('P008',1002,'2019-04-30'),('P008',1002,'2019-05-07'),('P008',1002,'2019-05-14'),('P008',1002,'2019-05-21'),('P008',1002,'2019-05-28'),('P008',1002,'2019-06-04'),('P008',1002,'2019-06-11'),('P008',1002,'2019-06-18'),('P008',1002,'2019-06-25'),('P008',1002,'2019-07-02'),('P008',1002,'2019-07-09'),('P008',1002,'2019-07-16'),('P008',1002,'2019-07-23'),('P008',1002,'2019-07-30'),('P008',1002,'2019-08-06'),('P008',1002,'2019-08-13'),('P008',1002,'2019-08-20'),('P008',1002,'2019-08-27'),('P008',1002,'2019-09-03'),('P008',1002,'2019-09-10'),('P008',1002,'2019-09-17'),('P008',1002,'2019-09-24'),('P008',1002,'2019-10-01'),('P008',1002,'2019-10-08'),('P008',1002,'2019-10-15'),('P008',1002,'2019-10-22'),('P008',1002,'2019-10-29'),('P008',1002,'2019-11-05'),('P008',1002,'2019-11-12'),('P008',1002,'2019-11-19'),('P008',1002,'2019-11-26'),('P008',1004,'2017-01-07'),('P008',1004,'2017-01-14'),('P008',1004,'2017-01-21'),('P008',1004,'2017-01-28'),('P008',1004,'2017-02-04'),('P008',1004,'2017-02-11'),('P008',1004,'2017-02-18'),('P008',1004,'2017-02-25'),('P008',1004,'2017-03-04'),('P008',1004,'2017-03-11'),('P008',1004,'2017-03-18'),('P008',1004,'2017-03-25'),('P008',1004,'2017-04-01'),('P008',1004,'2017-04-08'),('P008',1004,'2017-04-15'),('P008',1004,'2017-04-22'),('P008',1004,'2017-04-29'),('P008',1004,'2017-05-06'),('P008',1004,'2017-05-13'),('P008',1004,'2017-05-20'),('P008',1004,'2017-05-27'),('P008',1004,'2017-06-03'),('P008',1004,'2017-06-10'),('P008',1004,'2017-06-17'),('P008',1004,'2017-06-24'),('P008',1004,'2017-07-01'),('P008',1004,'2017-07-08'),('P008',1004,'2017-07-15'),('P008',1004,'2017-07-22'),('P008',1004,'2017-07-29'),('P008',1004,'2017-08-05'),('P008',1004,'2017-08-12'),('P008',1004,'2017-08-19'),('P008',1004,'2017-08-26'),('P008',1004,'2017-09-02'),('P008',1004,'2017-09-09'),('P008',1004,'2017-09-16'),('P008',1004,'2017-09-23'),('P008',1004,'2017-09-30'),('P008',1004,'2017-10-07'),('P008',1004,'2017-10-14'),('P008',1004,'2017-10-21'),('P008',1004,'2017-10-28'),('P008',1004,'2017-11-04'),('P008',1004,'2017-11-11'),('P008',1004,'2017-11-18'),('P008',1004,'2017-11-25'),('P008',1004,'2017-12-02'),('P008',1004,'2017-12-09'),('P008',1004,'2017-12-16'),('P008',1004,'2017-12-23'),('P008',1004,'2017-12-30'),('P008',1004,'2018-01-06'),('P008',1004,'2018-01-13'),('P008',1004,'2018-01-20'),('P008',1004,'2018-01-27'),('P008',1004,'2018-02-03'),('P008',1004,'2018-02-10'),('P008',1004,'2018-02-17'),('P008',1004,'2018-02-24'),('P008',1004,'2018-03-03'),('P008',1004,'2018-03-10'),('P008',1004,'2018-03-17'),('P008',1004,'2018-03-24'),('P008',1004,'2018-03-31'),('P008',1004,'2018-04-07'),('P008',1004,'2018-04-14'),('P008',1004,'2018-04-21'),('P008',1004,'2018-04-28'),('P008',1004,'2018-05-05'),('P008',1004,'2018-05-12'),('P008',1004,'2018-05-19'),('P008',1004,'2018-05-26'),('P008',1004,'2018-06-02'),('P008',1004,'2018-06-09'),('P008',1004,'2018-06-16'),('P008',1004,'2018-06-23'),('P008',1004,'2018-06-30'),('P008',1004,'2018-07-07'),('P008',1004,'2018-07-14'),('P008',1004,'2018-07-21'),('P008',1004,'2018-07-28'),('P008',1004,'2018-08-04'),('P008',1004,'2018-08-11'),('P008',1004,'2018-08-18'),('P008',1004,'2018-08-25'),('P008',1004,'2018-09-01'),('P008',1004,'2018-09-08'),('P008',1004,'2018-09-15'),('P008',1004,'2018-09-22'),('P008',1004,'2018-09-29'),('P008',1004,'2018-10-06'),('P008',1004,'2018-10-13'),('P008',1004,'2018-10-20'),('P008',1004,'2018-10-27'),('P008',1004,'2018-11-03'),('P008',1004,'2018-11-10'),('P008',1004,'2018-11-17'),('P008',1004,'2018-11-24'),('P008',1004,'2018-12-01'),('P008',1004,'2018-12-08'),('P008',1004,'2018-12-15'),('P008',1004,'2018-12-22'),('P008',1004,'2018-12-29'),('P008',1004,'2019-01-05'),('P008',1004,'2019-01-12'),('P008',1004,'2019-01-19'),('P008',1004,'2019-01-26'),('P008',1004,'2019-02-02'),('P008',1004,'2019-02-09'),('P008',1004,'2019-02-16'),('P008',1004,'2019-02-23'),('P008',1004,'2019-03-02'),('P008',1004,'2019-03-09'),('P008',1004,'2019-03-16'),('P008',1004,'2019-03-23'),('P008',1004,'2019-03-30'),('P008',1004,'2019-04-06'),('P008',1004,'2019-04-13'),('P008',1004,'2019-04-20'),('P008',1004,'2019-04-27'),('P008',1004,'2019-05-04'),('P008',1004,'2019-05-11'),('P008',1004,'2019-05-18'),('P008',1004,'2019-05-25'),('P008',1004,'2019-06-01'),('P008',1004,'2019-06-08'),('P008',1004,'2019-06-15'),('P008',1004,'2019-06-22'),('P008',1004,'2019-06-29'),('P008',1004,'2019-07-06'),('P008',1004,'2019-07-13'),('P008',1004,'2019-07-20'),('P008',1004,'2019-07-27'),('P008',1004,'2019-08-03'),('P008',1004,'2019-08-10'),('P008',1004,'2019-08-17'),('P008',1004,'2019-08-24'),('P008',1004,'2019-08-31'),('P008',1004,'2019-09-07'),('P008',1004,'2019-09-14'),('P008',1004,'2019-09-21'),('P008',1004,'2019-09-28'),('P008',1004,'2019-10-05'),('P008',1004,'2019-10-12'),('P008',1004,'2019-10-19'),('P008',1004,'2019-10-26'),('P008',1004,'2019-11-02'),('P008',1004,'2019-11-09'),('P008',1004,'2019-11-16'),('P008',1004,'2019-11-23'),('P008',1005,'2017-01-04'),('P008',1005,'2017-01-11'),('P008',1005,'2017-01-18'),('P008',1005,'2017-01-25'),('P008',1005,'2017-02-01'),('P008',1005,'2017-02-08'),('P008',1005,'2017-02-15'),('P008',1005,'2017-02-22'),('P008',1005,'2017-03-01'),('P008',1005,'2017-03-08'),('P008',1005,'2017-03-15'),('P008',1005,'2017-03-22'),('P008',1005,'2017-03-29'),('P008',1005,'2017-04-05'),('P008',1005,'2017-04-12'),('P008',1005,'2017-04-19'),('P008',1005,'2017-04-26'),('P008',1005,'2017-05-03'),('P008',1005,'2017-05-10'),('P008',1005,'2017-05-17'),('P008',1005,'2017-05-24'),('P008',1005,'2017-05-31'),('P008',1005,'2017-06-07'),('P008',1005,'2017-06-14'),('P008',1005,'2017-06-21'),('P008',1005,'2017-06-28'),('P008',1005,'2017-07-05'),('P008',1005,'2017-07-12'),('P008',1005,'2017-07-19'),('P008',1005,'2017-07-26'),('P008',1005,'2017-08-02'),('P008',1005,'2017-08-09'),('P008',1005,'2017-08-16'),('P008',1005,'2017-08-23'),('P008',1005,'2017-08-30'),('P008',1005,'2017-09-06'),('P008',1005,'2017-09-13'),('P008',1005,'2017-09-20'),('P008',1005,'2017-09-27'),('P008',1005,'2017-10-04'),('P008',1005,'2017-10-11'),('P008',1005,'2017-10-18'),('P008',1005,'2017-10-25'),('P008',1005,'2017-11-01'),('P008',1005,'2017-11-08'),('P008',1005,'2017-11-15'),('P008',1005,'2017-11-22'),('P008',1005,'2017-11-29'),('P008',1005,'2017-12-06'),('P008',1005,'2017-12-13'),('P008',1005,'2017-12-20'),('P008',1005,'2017-12-27'),('P008',1005,'2018-01-03'),('P008',1005,'2018-01-10'),('P008',1005,'2018-01-17'),('P008',1005,'2018-01-24'),('P008',1005,'2018-01-31'),('P008',1005,'2018-02-07'),('P008',1005,'2018-02-14'),('P008',1005,'2018-02-21'),('P008',1005,'2018-02-28'),('P008',1005,'2018-03-07'),('P008',1005,'2018-03-14'),('P008',1005,'2018-03-21'),('P008',1005,'2018-03-28'),('P008',1005,'2018-04-04'),('P008',1005,'2018-04-11'),('P008',1005,'2018-04-18'),('P008',1005,'2018-04-25'),('P008',1005,'2018-05-02'),('P008',1005,'2018-05-09'),('P008',1005,'2018-05-16'),('P008',1005,'2018-05-23'),('P008',1005,'2018-05-30'),('P008',1005,'2018-06-06'),('P008',1005,'2018-06-13'),('P008',1005,'2018-06-20'),('P008',1005,'2018-06-27'),('P008',1005,'2018-07-04'),('P008',1005,'2018-07-11'),('P008',1005,'2018-07-18'),('P008',1005,'2018-07-25'),('P008',1005,'2018-08-01'),('P008',1005,'2018-08-08'),('P008',1005,'2018-08-15'),('P008',1005,'2018-08-22'),('P008',1005,'2018-08-29'),('P008',1005,'2018-09-05'),('P008',1005,'2018-09-12'),('P008',1005,'2018-09-19'),('P008',1005,'2018-09-26'),('P008',1005,'2018-10-03'),('P008',1005,'2018-10-10'),('P008',1005,'2018-10-17'),('P008',1005,'2018-10-24'),('P008',1005,'2018-10-31'),('P008',1005,'2018-11-07'),('P008',1005,'2018-11-14'),('P008',1005,'2018-11-21'),('P008',1005,'2018-11-28'),('P008',1005,'2018-12-05'),('P008',1005,'2018-12-12'),('P008',1005,'2018-12-19'),('P008',1005,'2018-12-26'),('P008',1005,'2019-01-02'),('P008',1005,'2019-01-09'),('P008',1005,'2019-01-16'),('P008',1005,'2019-01-23'),('P008',1005,'2019-01-30'),('P008',1005,'2019-02-06'),('P008',1005,'2019-02-13'),('P008',1005,'2019-02-20'),('P008',1005,'2019-02-27'),('P008',1005,'2019-03-06'),('P008',1005,'2019-03-13'),('P008',1005,'2019-03-20'),('P008',1005,'2019-03-27'),('P008',1005,'2019-04-03'),('P008',1005,'2019-04-10'),('P008',1005,'2019-04-17'),('P008',1005,'2019-04-24'),('P008',1005,'2019-05-01'),('P008',1005,'2019-05-08'),('P008',1005,'2019-05-15'),('P008',1005,'2019-05-22'),('P008',1005,'2019-05-29'),('P008',1005,'2019-06-05'),('P008',1005,'2019-06-12'),('P008',1005,'2019-06-19'),('P008',1005,'2019-06-26'),('P008',1005,'2019-07-03'),('P008',1005,'2019-07-10'),('P008',1005,'2019-07-17'),('P008',1005,'2019-07-24'),('P008',1005,'2019-07-31'),('P008',1005,'2019-08-07'),('P008',1005,'2019-08-14'),('P008',1005,'2019-08-21'),('P008',1005,'2019-08-28'),('P008',1005,'2019-09-04'),('P008',1005,'2019-09-11'),('P008',1005,'2019-09-18'),('P008',1005,'2019-09-25'),('P008',1005,'2019-10-02'),('P008',1005,'2019-10-09'),('P008',1005,'2019-10-16'),('P008',1005,'2019-10-23'),('P008',1005,'2019-10-30'),('P008',1005,'2019-11-06'),('P008',1005,'2019-11-13'),('P008',1005,'2019-11-20'),('P008',1006,'2017-01-05'),('P008',1006,'2017-01-12'),('P008',1006,'2017-01-19'),('P008',1006,'2017-01-26'),('P008',1006,'2017-02-02'),('P008',1006,'2017-02-09'),('P008',1006,'2017-02-16'),('P008',1006,'2017-02-23'),('P008',1006,'2017-03-02'),('P008',1006,'2017-03-09'),('P008',1006,'2017-03-16'),('P008',1006,'2017-03-23'),('P008',1006,'2017-03-30'),('P008',1006,'2017-04-06'),('P008',1006,'2017-04-13'),('P008',1006,'2017-04-20'),('P008',1006,'2017-04-27'),('P008',1006,'2017-05-04'),('P008',1006,'2017-05-11'),('P008',1006,'2017-05-18'),('P008',1006,'2017-05-25'),('P008',1006,'2017-06-01'),('P008',1006,'2017-06-08'),('P008',1006,'2017-06-15'),('P008',1006,'2017-06-22'),('P008',1006,'2017-06-29'),('P008',1006,'2017-07-06'),('P008',1006,'2017-07-13'),('P008',1006,'2017-07-20'),('P008',1006,'2017-07-27'),('P008',1006,'2017-08-03'),('P008',1006,'2017-08-10'),('P008',1006,'2017-08-17'),('P008',1006,'2017-08-24'),('P008',1006,'2017-08-31'),('P008',1006,'2017-09-07'),('P008',1006,'2017-09-14'),('P008',1006,'2017-09-21'),('P008',1006,'2017-09-28'),('P008',1006,'2017-10-05'),('P008',1006,'2017-10-12'),('P008',1006,'2017-10-19'),('P008',1006,'2017-10-26'),('P008',1006,'2017-11-02'),('P008',1006,'2017-11-09'),('P008',1006,'2017-11-16'),('P008',1006,'2017-11-23'),('P008',1006,'2017-11-30'),('P008',1006,'2017-12-07'),('P008',1006,'2017-12-14'),('P008',1006,'2017-12-21'),('P008',1006,'2017-12-28'),('P008',1006,'2018-01-04'),('P008',1006,'2018-01-11'),('P008',1006,'2018-01-18'),('P008',1006,'2018-01-25'),('P008',1006,'2018-02-01'),('P008',1006,'2018-02-08'),('P008',1006,'2018-02-15'),('P008',1006,'2018-02-22'),('P008',1006,'2018-03-01'),('P008',1006,'2018-03-08'),('P008',1006,'2018-03-15'),('P008',1006,'2018-03-22'),('P008',1006,'2018-03-29'),('P008',1006,'2018-04-05'),('P008',1006,'2018-04-12'),('P008',1006,'2018-04-19'),('P008',1006,'2018-04-26'),('P008',1006,'2018-05-03'),('P008',1006,'2018-05-10'),('P008',1006,'2018-05-17'),('P008',1006,'2018-05-24'),('P008',1006,'2018-05-31'),('P008',1006,'2018-06-07'),('P008',1006,'2018-06-14'),('P008',1006,'2018-06-21'),('P008',1006,'2018-06-28'),('P008',1006,'2018-07-05'),('P008',1006,'2018-07-12'),('P008',1006,'2018-07-19'),('P008',1006,'2018-07-26'),('P008',1006,'2018-08-02'),('P008',1006,'2018-08-09'),('P008',1006,'2018-08-16'),('P008',1006,'2018-08-23'),('P008',1006,'2018-08-30'),('P008',1006,'2018-09-06'),('P008',1006,'2018-09-13'),('P008',1006,'2018-09-20'),('P008',1006,'2018-09-27'),('P008',1006,'2018-10-04'),('P008',1006,'2018-10-11'),('P008',1006,'2018-10-18'),('P008',1006,'2018-10-25'),('P008',1006,'2018-11-01'),('P008',1006,'2018-11-08'),('P008',1006,'2018-11-15'),('P008',1006,'2018-11-22'),('P008',1006,'2018-11-29'),('P008',1006,'2018-12-06'),('P008',1006,'2018-12-13'),('P008',1006,'2018-12-20'),('P008',1006,'2018-12-27'),('P008',1006,'2019-01-03'),('P008',1006,'2019-01-10'),('P008',1006,'2019-01-17'),('P008',1006,'2019-01-24'),('P008',1006,'2019-01-31'),('P008',1006,'2019-02-07'),('P008',1006,'2019-02-14'),('P008',1006,'2019-02-21'),('P008',1006,'2019-02-28'),('P008',1006,'2019-03-07'),('P008',1006,'2019-03-14'),('P008',1006,'2019-03-21'),('P008',1006,'2019-03-28'),('P008',1006,'2019-04-04'),('P008',1006,'2019-04-11'),('P008',1006,'2019-04-18'),('P008',1006,'2019-04-25'),('P008',1006,'2019-05-02'),('P008',1006,'2019-05-09'),('P008',1006,'2019-05-16'),('P008',1006,'2019-05-23'),('P008',1006,'2019-05-30'),('P008',1006,'2019-06-06'),('P008',1006,'2019-06-13'),('P008',1006,'2019-06-20'),('P008',1006,'2019-06-27'),('P008',1006,'2019-07-04'),('P008',1006,'2019-07-11'),('P008',1006,'2019-07-18'),('P008',1006,'2019-07-25'),('P008',1006,'2019-08-01'),('P008',1006,'2019-08-08'),('P008',1006,'2019-08-15'),('P008',1006,'2019-08-22'),('P008',1006,'2019-08-29'),('P008',1006,'2019-09-05'),('P008',1006,'2019-09-12'),('P008',1006,'2019-09-19'),('P008',1006,'2019-09-26'),('P008',1006,'2019-10-03'),('P008',1006,'2019-10-10'),('P008',1006,'2019-10-17'),('P008',1006,'2019-10-24'),('P008',1006,'2019-10-31'),('P008',1006,'2019-11-07'),('P008',1006,'2019-11-14'),('P008',1006,'2019-11-21'),('P008',1009,'2017-01-02'),('P008',1009,'2017-01-09'),('P008',1009,'2017-01-16'),('P008',1009,'2017-01-23'),('P008',1009,'2017-01-30'),('P008',1009,'2017-02-06'),('P008',1009,'2017-02-13'),('P008',1009,'2017-02-20'),('P008',1009,'2017-02-27'),('P008',1009,'2017-03-06'),('P008',1009,'2017-03-13'),('P008',1009,'2017-03-20'),('P008',1009,'2017-03-27'),('P008',1009,'2017-04-03'),('P008',1009,'2017-04-10'),('P008',1009,'2017-04-17'),('P008',1009,'2017-04-24'),('P008',1009,'2017-05-01'),('P008',1009,'2017-05-08'),('P008',1009,'2017-05-15'),('P008',1009,'2017-05-22'),('P008',1009,'2017-05-29'),('P008',1009,'2017-06-05'),('P008',1009,'2017-06-12'),('P008',1009,'2017-06-19'),('P008',1009,'2017-06-26'),('P008',1009,'2017-07-03'),('P008',1009,'2017-07-10'),('P008',1009,'2017-07-17'),('P008',1009,'2017-07-24'),('P008',1009,'2017-07-31'),('P008',1009,'2017-08-07'),('P008',1009,'2017-08-14'),('P008',1009,'2017-08-21'),('P008',1009,'2017-08-28'),('P008',1009,'2017-09-04'),('P008',1009,'2017-09-11'),('P008',1009,'2017-09-18'),('P008',1009,'2017-09-25'),('P008',1009,'2017-10-02'),('P008',1009,'2017-10-09'),('P008',1009,'2017-10-16'),('P008',1009,'2017-10-23'),('P008',1009,'2017-10-30'),('P008',1009,'2017-11-06'),('P008',1009,'2017-11-13'),('P008',1009,'2017-11-20'),('P008',1009,'2017-11-27'),('P008',1009,'2017-12-04'),('P008',1009,'2017-12-11'),('P008',1009,'2017-12-18'),('P008',1009,'2017-12-25'),('P008',1009,'2018-01-01'),('P008',1009,'2018-01-08'),('P008',1009,'2018-01-15'),('P008',1009,'2018-01-22'),('P008',1009,'2018-01-29'),('P008',1009,'2018-02-05'),('P008',1009,'2018-02-12'),('P008',1009,'2018-02-19'),('P008',1009,'2018-02-26'),('P008',1009,'2018-03-05'),('P008',1009,'2018-03-12'),('P008',1009,'2018-03-19'),('P008',1009,'2018-03-26'),('P008',1009,'2018-04-02'),('P008',1009,'2018-04-09'),('P008',1009,'2018-04-16'),('P008',1009,'2018-04-23'),('P008',1009,'2018-04-30'),('P008',1009,'2018-05-07'),('P008',1009,'2018-05-14'),('P008',1009,'2018-05-21'),('P008',1009,'2018-05-28'),('P008',1009,'2018-06-04'),('P008',1009,'2018-06-11'),('P008',1009,'2018-06-18'),('P008',1009,'2018-06-25'),('P008',1009,'2018-07-02'),('P008',1009,'2018-07-09'),('P008',1009,'2018-07-16'),('P008',1009,'2018-07-23'),('P008',1009,'2018-07-30'),('P008',1009,'2018-08-06'),('P008',1009,'2018-08-13'),('P008',1009,'2018-08-20'),('P008',1009,'2018-08-27'),('P008',1009,'2018-09-03'),('P008',1009,'2018-09-10'),('P008',1009,'2018-09-17'),('P008',1009,'2018-09-24'),('P008',1009,'2018-10-01'),('P008',1009,'2018-10-08'),('P008',1009,'2018-10-15'),('P008',1009,'2018-10-22'),('P008',1009,'2018-10-29'),('P008',1009,'2018-11-05'),('P008',1009,'2018-11-12'),('P008',1009,'2018-11-19'),('P008',1009,'2018-11-26'),('P008',1009,'2018-12-03'),('P008',1009,'2018-12-10'),('P008',1009,'2018-12-17'),('P008',1009,'2018-12-24'),('P008',1009,'2018-12-31'),('P008',1009,'2019-01-07'),('P008',1009,'2019-01-14'),('P008',1009,'2019-01-21'),('P008',1009,'2019-01-28'),('P008',1009,'2019-02-04'),('P008',1009,'2019-02-11'),('P008',1009,'2019-02-18'),('P008',1009,'2019-02-25'),('P008',1009,'2019-03-04'),('P008',1009,'2019-03-11'),('P008',1009,'2019-03-18'),('P008',1009,'2019-03-25'),('P008',1009,'2019-04-01'),('P008',1009,'2019-04-08'),('P008',1009,'2019-04-15'),('P008',1009,'2019-04-22'),('P008',1009,'2019-04-29'),('P008',1009,'2019-05-06'),('P008',1009,'2019-05-13'),('P008',1009,'2019-05-20'),('P008',1009,'2019-05-27'),('P008',1009,'2019-06-03'),('P008',1009,'2019-06-10'),('P008',1009,'2019-06-17'),('P008',1009,'2019-06-24'),('P008',1009,'2019-07-01'),('P008',1009,'2019-07-08'),('P008',1009,'2019-07-15'),('P008',1009,'2019-07-22'),('P008',1009,'2019-07-29'),('P008',1009,'2019-08-05'),('P008',1009,'2019-08-12'),('P008',1009,'2019-08-19'),('P008',1009,'2019-08-26'),('P008',1009,'2019-09-02'),('P008',1009,'2019-09-09'),('P008',1009,'2019-09-16'),('P008',1009,'2019-09-23'),('P008',1009,'2019-09-30'),('P008',1009,'2019-10-07'),('P008',1009,'2019-10-14'),('P008',1009,'2019-10-21'),('P008',1009,'2019-10-28'),('P008',1009,'2019-11-04'),('P008',1009,'2019-11-11'),('P008',1009,'2019-11-18'),('P008',1009,'2019-11-25'),('P017',1001,'2017-01-01'),('P017',1001,'2017-01-08'),('P017',1001,'2017-01-15'),('P017',1001,'2017-01-22'),('P017',1001,'2017-01-29'),('P017',1001,'2017-02-05'),('P017',1001,'2017-02-12'),('P017',1001,'2017-02-19'),('P017',1001,'2017-02-26'),('P017',1001,'2017-03-05'),('P017',1001,'2017-03-12'),('P017',1001,'2017-03-19'),('P017',1001,'2017-03-26'),('P017',1001,'2017-04-02'),('P017',1001,'2017-04-09'),('P017',1001,'2017-04-16'),('P017',1001,'2017-04-23'),('P017',1001,'2017-04-30'),('P017',1001,'2017-05-07'),('P017',1001,'2017-05-14'),('P017',1001,'2017-05-21'),('P017',1001,'2017-05-28'),('P017',1001,'2017-06-04'),('P017',1001,'2017-06-11'),('P017',1001,'2017-06-18'),('P017',1001,'2017-06-25'),('P017',1001,'2017-07-02'),('P017',1001,'2017-07-09'),('P017',1001,'2017-07-16'),('P017',1001,'2017-07-23'),('P017',1001,'2017-07-30'),('P017',1001,'2017-08-06'),('P017',1001,'2017-08-13'),('P017',1001,'2017-08-20'),('P017',1001,'2017-08-27'),('P017',1001,'2017-09-03'),('P017',1001,'2017-09-10'),('P017',1001,'2017-09-17'),('P017',1001,'2017-09-24'),('P017',1001,'2017-10-01'),('P017',1001,'2017-10-08'),('P017',1001,'2017-10-15'),('P017',1001,'2017-10-22'),('P017',1001,'2017-10-29'),('P017',1001,'2017-11-05'),('P017',1001,'2017-11-12'),('P017',1001,'2017-11-19'),('P017',1001,'2017-11-26'),('P017',1001,'2017-12-03'),('P017',1001,'2017-12-10'),('P017',1001,'2017-12-17'),('P017',1001,'2017-12-24'),('P017',1001,'2017-12-31'),('P017',1001,'2018-01-07'),('P017',1001,'2018-01-14'),('P017',1001,'2018-01-21'),('P017',1001,'2018-01-28'),('P017',1001,'2018-02-04'),('P017',1001,'2018-02-11'),('P017',1001,'2018-02-18'),('P017',1001,'2018-02-25'),('P017',1001,'2018-03-04'),('P017',1001,'2018-03-11'),('P017',1001,'2018-03-18'),('P017',1001,'2018-03-25'),('P017',1001,'2018-04-01'),('P017',1001,'2018-04-08'),('P017',1001,'2018-04-15'),('P017',1001,'2018-04-22'),('P017',1001,'2018-04-29'),('P017',1001,'2018-05-06'),('P017',1001,'2018-05-13'),('P017',1001,'2018-05-20'),('P017',1001,'2018-05-27'),('P017',1001,'2018-06-03'),('P017',1001,'2018-06-10'),('P017',1001,'2018-06-17'),('P017',1001,'2018-06-24'),('P017',1001,'2018-07-01'),('P017',1001,'2018-07-08'),('P017',1001,'2018-07-15'),('P017',1001,'2018-07-22'),('P017',1001,'2018-07-29'),('P017',1001,'2018-08-05'),('P017',1001,'2018-08-12'),('P017',1001,'2018-08-19'),('P017',1001,'2018-08-26'),('P017',1001,'2018-09-02'),('P017',1001,'2018-09-09'),('P017',1001,'2018-09-16'),('P017',1001,'2018-09-23'),('P017',1001,'2018-09-30'),('P017',1001,'2018-10-07'),('P017',1001,'2018-10-14'),('P017',1001,'2018-10-21'),('P017',1001,'2018-10-28'),('P017',1001,'2018-11-04'),('P017',1001,'2018-11-11'),('P017',1001,'2018-11-18'),('P017',1001,'2018-11-25'),('P017',1001,'2018-12-02'),('P017',1001,'2018-12-09'),('P017',1001,'2018-12-16'),('P017',1001,'2018-12-23'),('P017',1001,'2018-12-30'),('P017',1001,'2019-01-06'),('P017',1001,'2019-01-13'),('P017',1001,'2019-01-20'),('P017',1001,'2019-01-27'),('P017',1001,'2019-02-03'),('P017',1001,'2019-02-10'),('P017',1001,'2019-02-17'),('P017',1001,'2019-02-24'),('P017',1001,'2019-03-03'),('P017',1001,'2019-03-10'),('P017',1001,'2019-03-17'),('P017',1001,'2019-03-24'),('P017',1001,'2019-03-31'),('P017',1001,'2019-04-07'),('P017',1001,'2019-04-14'),('P017',1001,'2019-04-21'),('P017',1001,'2019-04-28'),('P017',1001,'2019-05-05'),('P017',1001,'2019-05-12'),('P017',1001,'2019-05-19'),('P017',1001,'2019-05-26'),('P017',1001,'2019-06-02'),('P017',1001,'2019-06-09'),('P017',1001,'2019-06-16'),('P017',1001,'2019-06-23'),('P017',1001,'2019-06-30'),('P017',1001,'2019-07-07'),('P017',1001,'2019-07-14'),('P017',1001,'2019-07-21'),('P017',1001,'2019-07-28'),('P017',1001,'2019-08-04'),('P017',1001,'2019-08-11'),('P017',1001,'2019-08-18'),('P017',1001,'2019-08-25'),('P017',1001,'2019-09-01'),('P017',1001,'2019-09-08'),('P017',1001,'2019-09-15'),('P017',1001,'2019-09-22'),('P017',1001,'2019-09-29'),('P017',1001,'2019-10-06'),('P017',1001,'2019-10-13'),('P017',1001,'2019-10-20'),('P017',1001,'2019-10-27'),('P017',1001,'2019-11-03'),('P017',1001,'2019-11-10'),('P017',1001,'2019-11-17'),('P017',1001,'2019-11-24'),('P017',1003,'2017-01-06'),('P017',1003,'2017-01-13'),('P017',1003,'2017-01-20'),('P017',1003,'2017-01-27'),('P017',1003,'2017-02-03'),('P017',1003,'2017-02-10'),('P017',1003,'2017-02-17'),('P017',1003,'2017-02-24'),('P017',1003,'2017-03-03'),('P017',1003,'2017-03-10'),('P017',1003,'2017-03-17'),('P017',1003,'2017-03-24'),('P017',1003,'2017-03-31'),('P017',1003,'2017-04-07'),('P017',1003,'2017-04-14'),('P017',1003,'2017-04-21'),('P017',1003,'2017-04-28'),('P017',1003,'2017-05-05'),('P017',1003,'2017-05-12'),('P017',1003,'2017-05-19'),('P017',1003,'2017-05-26'),('P017',1003,'2017-06-02'),('P017',1003,'2017-06-09'),('P017',1003,'2017-06-16'),('P017',1003,'2017-06-23'),('P017',1003,'2017-06-30'),('P017',1003,'2017-07-07'),('P017',1003,'2017-07-14'),('P017',1003,'2017-07-21'),('P017',1003,'2017-07-28'),('P017',1003,'2017-08-04'),('P017',1003,'2017-08-11'),('P017',1003,'2017-08-18'),('P017',1003,'2017-08-25'),('P017',1003,'2017-09-01'),('P017',1003,'2017-09-08'),('P017',1003,'2017-09-15'),('P017',1003,'2017-09-22'),('P017',1003,'2017-09-29'),('P017',1003,'2017-10-06'),('P017',1003,'2017-10-13'),('P017',1003,'2017-10-20'),('P017',1003,'2017-10-27'),('P017',1003,'2017-11-03'),('P017',1003,'2017-11-10'),('P017',1003,'2017-11-17'),('P017',1003,'2017-11-24'),('P017',1003,'2017-12-01'),('P017',1003,'2017-12-08'),('P017',1003,'2017-12-15'),('P017',1003,'2017-12-22'),('P017',1003,'2017-12-29'),('P017',1003,'2018-01-05'),('P017',1003,'2018-01-12'),('P017',1003,'2018-01-19'),('P017',1003,'2018-01-26'),('P017',1003,'2018-02-02'),('P017',1003,'2018-02-09'),('P017',1003,'2018-02-16'),('P017',1003,'2018-02-23'),('P017',1003,'2018-03-02'),('P017',1003,'2018-03-09'),('P017',1003,'2018-03-16'),('P017',1003,'2018-03-23'),('P017',1003,'2018-03-30'),('P017',1003,'2018-04-06'),('P017',1003,'2018-04-13'),('P017',1003,'2018-04-20'),('P017',1003,'2018-04-27'),('P017',1003,'2018-05-04'),('P017',1003,'2018-05-11'),('P017',1003,'2018-05-18'),('P017',1003,'2018-05-25'),('P017',1003,'2018-06-01'),('P017',1003,'2018-06-08'),('P017',1003,'2018-06-15'),('P017',1003,'2018-06-22'),('P017',1003,'2018-06-29'),('P017',1003,'2018-07-06'),('P017',1003,'2018-07-13'),('P017',1003,'2018-07-20'),('P017',1003,'2018-07-27'),('P017',1003,'2018-08-03'),('P017',1003,'2018-08-10'),('P017',1003,'2018-08-17'),('P017',1003,'2018-08-24'),('P017',1003,'2018-08-31'),('P017',1003,'2018-09-07'),('P017',1003,'2018-09-14'),('P017',1003,'2018-09-21'),('P017',1003,'2018-09-28'),('P017',1003,'2018-10-05'),('P017',1003,'2018-10-12'),('P017',1003,'2018-10-19'),('P017',1003,'2018-10-26'),('P017',1003,'2018-11-02'),('P017',1003,'2018-11-09'),('P017',1003,'2018-11-16'),('P017',1003,'2018-11-23'),('P017',1003,'2018-11-30'),('P017',1003,'2018-12-07'),('P017',1003,'2018-12-14'),('P017',1003,'2018-12-21'),('P017',1003,'2018-12-28'),('P017',1003,'2019-01-04'),('P017',1003,'2019-01-11'),('P017',1003,'2019-01-18'),('P017',1003,'2019-01-25'),('P017',1003,'2019-02-01'),('P017',1003,'2019-02-08'),('P017',1003,'2019-02-15'),('P017',1003,'2019-02-22'),('P017',1003,'2019-03-01'),('P017',1003,'2019-03-08'),('P017',1003,'2019-03-15'),('P017',1003,'2019-03-22'),('P017',1003,'2019-03-29'),('P017',1003,'2019-04-05'),('P017',1003,'2019-04-12'),('P017',1003,'2019-04-19'),('P017',1003,'2019-04-26'),('P017',1003,'2019-05-03'),('P017',1003,'2019-05-10'),('P017',1003,'2019-05-17'),('P017',1003,'2019-05-24'),('P017',1003,'2019-05-31'),('P017',1003,'2019-06-07'),('P017',1003,'2019-06-14'),('P017',1003,'2019-06-21'),('P017',1003,'2019-06-28'),('P017',1003,'2019-07-05'),('P017',1003,'2019-07-12'),('P017',1003,'2019-07-19'),('P017',1003,'2019-07-26'),('P017',1003,'2019-08-02'),('P017',1003,'2019-08-09'),('P017',1003,'2019-08-16'),('P017',1003,'2019-08-23'),('P017',1003,'2019-08-30'),('P017',1003,'2019-09-06'),('P017',1003,'2019-09-13'),('P017',1003,'2019-09-20'),('P017',1003,'2019-09-27'),('P017',1003,'2019-10-04'),('P017',1003,'2019-10-11'),('P017',1003,'2019-10-18'),('P017',1003,'2019-10-25'),('P017',1003,'2019-11-01'),('P017',1003,'2019-11-08'),('P017',1003,'2019-11-15'),('P017',1003,'2019-11-22'),('P017',1007,'2017-01-02'),('P017',1007,'2017-01-09'),('P017',1007,'2017-01-16'),('P017',1007,'2017-01-23'),('P017',1007,'2017-01-30'),('P017',1007,'2017-02-06'),('P017',1007,'2017-02-13'),('P017',1007,'2017-02-20'),('P017',1007,'2017-02-27'),('P017',1007,'2017-03-06'),('P017',1007,'2017-03-13'),('P017',1007,'2017-03-20'),('P017',1007,'2017-03-27'),('P017',1007,'2017-04-03'),('P017',1007,'2017-04-10'),('P017',1007,'2017-04-17'),('P017',1007,'2017-04-24'),('P017',1007,'2017-05-01'),('P017',1007,'2017-05-08'),('P017',1007,'2017-05-15'),('P017',1007,'2017-05-22'),('P017',1007,'2017-05-29'),('P017',1007,'2017-06-05'),('P017',1007,'2017-06-12'),('P017',1007,'2017-06-19'),('P017',1007,'2017-06-26'),('P017',1007,'2017-07-03'),('P017',1007,'2017-07-10'),('P017',1007,'2017-07-17'),('P017',1007,'2017-07-24'),('P017',1007,'2017-07-31'),('P017',1007,'2017-08-07'),('P017',1007,'2017-08-14'),('P017',1007,'2017-08-21'),('P017',1007,'2017-08-28'),('P017',1007,'2017-09-04'),('P017',1007,'2017-09-11'),('P017',1007,'2017-09-18'),('P017',1007,'2017-09-25'),('P017',1007,'2017-10-02'),('P017',1007,'2017-10-09'),('P017',1007,'2017-10-16'),('P017',1007,'2017-10-23'),('P017',1007,'2017-10-30'),('P017',1007,'2017-11-06'),('P017',1007,'2017-11-13'),('P017',1007,'2017-11-20'),('P017',1007,'2017-11-27'),('P017',1007,'2017-12-04'),('P017',1007,'2017-12-11'),('P017',1007,'2017-12-18'),('P017',1007,'2017-12-25'),('P017',1007,'2018-01-01'),('P017',1007,'2018-01-08'),('P017',1007,'2018-01-15'),('P017',1007,'2018-01-22'),('P017',1007,'2018-01-29'),('P017',1007,'2018-02-05'),('P017',1007,'2018-02-12'),('P017',1007,'2018-02-19'),('P017',1007,'2018-02-26'),('P017',1007,'2018-03-05'),('P017',1007,'2018-03-12'),('P017',1007,'2018-03-19'),('P017',1007,'2018-03-26'),('P017',1007,'2018-04-02'),('P017',1007,'2018-04-09'),('P017',1007,'2018-04-16'),('P017',1007,'2018-04-23'),('P017',1007,'2018-04-30'),('P017',1007,'2018-05-07'),('P017',1007,'2018-05-14'),('P017',1007,'2018-05-21'),('P017',1007,'2018-05-28'),('P017',1007,'2018-06-04'),('P017',1007,'2018-06-11'),('P017',1007,'2018-06-18'),('P017',1007,'2018-06-25'),('P017',1007,'2018-07-02'),('P017',1007,'2018-07-09'),('P017',1007,'2018-07-16'),('P017',1007,'2018-07-23'),('P017',1007,'2018-07-30'),('P017',1007,'2018-08-06'),('P017',1007,'2018-08-13'),('P017',1007,'2018-08-20'),('P017',1007,'2018-08-27'),('P017',1007,'2018-09-03'),('P017',1007,'2018-09-10'),('P017',1007,'2018-09-17'),('P017',1007,'2018-09-24'),('P017',1007,'2018-10-01'),('P017',1007,'2018-10-08'),('P017',1007,'2018-10-15'),('P017',1007,'2018-10-22'),('P017',1007,'2018-10-29'),('P017',1007,'2018-11-05'),('P017',1007,'2018-11-12'),('P017',1007,'2018-11-19'),('P017',1007,'2018-11-26'),('P017',1007,'2018-12-03'),('P017',1007,'2018-12-10'),('P017',1007,'2018-12-17'),('P017',1007,'2018-12-24'),('P017',1007,'2018-12-31'),('P017',1007,'2019-01-07'),('P017',1007,'2019-01-14'),('P017',1007,'2019-01-21'),('P017',1007,'2019-01-28'),('P017',1007,'2019-02-04'),('P017',1007,'2019-02-11'),('P017',1007,'2019-02-18'),('P017',1007,'2019-02-25'),('P017',1007,'2019-03-04'),('P017',1007,'2019-03-11'),('P017',1007,'2019-03-18'),('P017',1007,'2019-03-25'),('P017',1007,'2019-04-01'),('P017',1007,'2019-04-08'),('P017',1007,'2019-04-15'),('P017',1007,'2019-04-22'),('P017',1007,'2019-04-29'),('P017',1007,'2019-05-06'),('P017',1007,'2019-05-13'),('P017',1007,'2019-05-20'),('P017',1007,'2019-05-27'),('P017',1007,'2019-06-03'),('P017',1007,'2019-06-10'),('P017',1007,'2019-06-17'),('P017',1007,'2019-06-24'),('P017',1007,'2019-07-01'),('P017',1007,'2019-07-08'),('P017',1007,'2019-07-15'),('P017',1007,'2019-07-22'),('P017',1007,'2019-07-29'),('P017',1007,'2019-08-05'),('P017',1007,'2019-08-12'),('P017',1007,'2019-08-19'),('P017',1007,'2019-08-26'),('P017',1007,'2019-09-02'),('P017',1007,'2019-09-09'),('P017',1007,'2019-09-16'),('P017',1007,'2019-09-23'),('P017',1007,'2019-09-30'),('P017',1007,'2019-10-07'),('P017',1007,'2019-10-14'),('P017',1007,'2019-10-21'),('P017',1007,'2019-10-28'),('P017',1007,'2019-11-04'),('P017',1007,'2019-11-11'),('P017',1007,'2019-11-18'),('P017',1007,'2019-11-25'),('P017',1008,'2017-01-05'),('P017',1008,'2017-01-12'),('P017',1008,'2017-01-19'),('P017',1008,'2017-01-26'),('P017',1008,'2017-02-02'),('P017',1008,'2017-02-09'),('P017',1008,'2017-02-16'),('P017',1008,'2017-02-23'),('P017',1008,'2017-03-02'),('P017',1008,'2017-03-09'),('P017',1008,'2017-03-16'),('P017',1008,'2017-03-23'),('P017',1008,'2017-03-30'),('P017',1008,'2017-04-06'),('P017',1008,'2017-04-13'),('P017',1008,'2017-04-20'),('P017',1008,'2017-04-27'),('P017',1008,'2017-05-04'),('P017',1008,'2017-05-11'),('P017',1008,'2017-05-18'),('P017',1008,'2017-05-25'),('P017',1008,'2017-06-01'),('P017',1008,'2017-06-08'),('P017',1008,'2017-06-15'),('P017',1008,'2017-06-22'),('P017',1008,'2017-06-29'),('P017',1008,'2017-07-06'),('P017',1008,'2017-07-13'),('P017',1008,'2017-07-20'),('P017',1008,'2017-07-27'),('P017',1008,'2017-08-03'),('P017',1008,'2017-08-10'),('P017',1008,'2017-08-17'),('P017',1008,'2017-08-24'),('P017',1008,'2017-08-31'),('P017',1008,'2017-09-07'),('P017',1008,'2017-09-14'),('P017',1008,'2017-09-21'),('P017',1008,'2017-09-28'),('P017',1008,'2017-10-05'),('P017',1008,'2017-10-12'),('P017',1008,'2017-10-19'),('P017',1008,'2017-10-26'),('P017',1008,'2017-11-02'),('P017',1008,'2017-11-09'),('P017',1008,'2017-11-16'),('P017',1008,'2017-11-23'),('P017',1008,'2017-11-30'),('P017',1008,'2017-12-07'),('P017',1008,'2017-12-14'),('P017',1008,'2017-12-21'),('P017',1008,'2017-12-28'),('P017',1008,'2018-01-04'),('P017',1008,'2018-01-11'),('P017',1008,'2018-01-18'),('P017',1008,'2018-01-25'),('P017',1008,'2018-02-01'),('P017',1008,'2018-02-08'),('P017',1008,'2018-02-15'),('P017',1008,'2018-02-22'),('P017',1008,'2018-03-01'),('P017',1008,'2018-03-08'),('P017',1008,'2018-03-15'),('P017',1008,'2018-03-22'),('P017',1008,'2018-03-29'),('P017',1008,'2018-04-05'),('P017',1008,'2018-04-12'),('P017',1008,'2018-04-19'),('P017',1008,'2018-04-26'),('P017',1008,'2018-05-03'),('P017',1008,'2018-05-10'),('P017',1008,'2018-05-17'),('P017',1008,'2018-05-24'),('P017',1008,'2018-05-31'),('P017',1008,'2018-06-07'),('P017',1008,'2018-06-14'),('P017',1008,'2018-06-21'),('P017',1008,'2018-06-28'),('P017',1008,'2018-07-05'),('P017',1008,'2018-07-12'),('P017',1008,'2018-07-19'),('P017',1008,'2018-07-26'),('P017',1008,'2018-08-02'),('P017',1008,'2018-08-09'),('P017',1008,'2018-08-16'),('P017',1008,'2018-08-23'),('P017',1008,'2018-08-30'),('P017',1008,'2018-09-06'),('P017',1008,'2018-09-13'),('P017',1008,'2018-09-20'),('P017',1008,'2018-09-27'),('P017',1008,'2018-10-04'),('P017',1008,'2018-10-11'),('P017',1008,'2018-10-18'),('P017',1008,'2018-10-25'),('P017',1008,'2018-11-01'),('P017',1008,'2018-11-08'),('P017',1008,'2018-11-15'),('P017',1008,'2018-11-22'),('P017',1008,'2018-11-29'),('P017',1008,'2018-12-06'),('P017',1008,'2018-12-13'),('P017',1008,'2018-12-20'),('P017',1008,'2018-12-27'),('P017',1008,'2019-01-03'),('P017',1008,'2019-01-10'),('P017',1008,'2019-01-17'),('P017',1008,'2019-01-24'),('P017',1008,'2019-01-31'),('P017',1008,'2019-02-07'),('P017',1008,'2019-02-14'),('P017',1008,'2019-02-21'),('P017',1008,'2019-02-28'),('P017',1008,'2019-03-07'),('P017',1008,'2019-03-14'),('P017',1008,'2019-03-21'),('P017',1008,'2019-03-28'),('P017',1008,'2019-04-04'),('P017',1008,'2019-04-11'),('P017',1008,'2019-04-18'),('P017',1008,'2019-04-25'),('P017',1008,'2019-05-02'),('P017',1008,'2019-05-09'),('P017',1008,'2019-05-16'),('P017',1008,'2019-05-23'),('P017',1008,'2019-05-30'),('P017',1008,'2019-06-06'),('P017',1008,'2019-06-13'),('P017',1008,'2019-06-20'),('P017',1008,'2019-06-27'),('P017',1008,'2019-07-04'),('P017',1008,'2019-07-11'),('P017',1008,'2019-07-18'),('P017',1008,'2019-07-25'),('P017',1008,'2019-08-01'),('P017',1008,'2019-08-08'),('P017',1008,'2019-08-15'),('P017',1008,'2019-08-22'),('P017',1008,'2019-08-29'),('P017',1008,'2019-09-05'),('P017',1008,'2019-09-12'),('P017',1008,'2019-09-19'),('P017',1008,'2019-09-26'),('P017',1008,'2019-10-03'),('P017',1008,'2019-10-10'),('P017',1008,'2019-10-17'),('P017',1008,'2019-10-24'),('P017',1008,'2019-10-31'),('P017',1008,'2019-11-07'),('P017',1008,'2019-11-14'),('P017',1008,'2019-11-21'),('P017',1010,'2017-01-04'),('P017',1010,'2017-01-11'),('P017',1010,'2017-01-18'),('P017',1010,'2017-01-25'),('P017',1010,'2017-02-01'),('P017',1010,'2017-02-08'),('P017',1010,'2017-02-15'),('P017',1010,'2017-02-22'),('P017',1010,'2017-03-01'),('P017',1010,'2017-03-08'),('P017',1010,'2017-03-15'),('P017',1010,'2017-03-22'),('P017',1010,'2017-03-29'),('P017',1010,'2017-04-05'),('P017',1010,'2017-04-12'),('P017',1010,'2017-04-19'),('P017',1010,'2017-04-26'),('P017',1010,'2017-05-03'),('P017',1010,'2017-05-10'),('P017',1010,'2017-05-17'),('P017',1010,'2017-05-24'),('P017',1010,'2017-05-31'),('P017',1010,'2017-06-07'),('P017',1010,'2017-06-14'),('P017',1010,'2017-06-21'),('P017',1010,'2017-06-28'),('P017',1010,'2017-07-05'),('P017',1010,'2017-07-12'),('P017',1010,'2017-07-19'),('P017',1010,'2017-07-26'),('P017',1010,'2017-08-02'),('P017',1010,'2017-08-09'),('P017',1010,'2017-08-16'),('P017',1010,'2017-08-23'),('P017',1010,'2017-08-30'),('P017',1010,'2017-09-06'),('P017',1010,'2017-09-13'),('P017',1010,'2017-09-20'),('P017',1010,'2017-09-27'),('P017',1010,'2017-10-04'),('P017',1010,'2017-10-11'),('P017',1010,'2017-10-18'),('P017',1010,'2017-10-25'),('P017',1010,'2017-11-01'),('P017',1010,'2017-11-08'),('P017',1010,'2017-11-15'),('P017',1010,'2017-11-22'),('P017',1010,'2017-11-29'),('P017',1010,'2017-12-06'),('P017',1010,'2017-12-13'),('P017',1010,'2017-12-20'),('P017',1010,'2017-12-27'),('P017',1010,'2018-01-03'),('P017',1010,'2018-01-10'),('P017',1010,'2018-01-17'),('P017',1010,'2018-01-24'),('P017',1010,'2018-01-31'),('P017',1010,'2018-02-07'),('P017',1010,'2018-02-14'),('P017',1010,'2018-02-21'),('P017',1010,'2018-02-28'),('P017',1010,'2018-03-07'),('P017',1010,'2018-03-14'),('P017',1010,'2018-03-21'),('P017',1010,'2018-03-28'),('P017',1010,'2018-04-04'),('P017',1010,'2018-04-11'),('P017',1010,'2018-04-18'),('P017',1010,'2018-04-25'),('P017',1010,'2018-05-02'),('P017',1010,'2018-05-09'),('P017',1010,'2018-05-16'),('P017',1010,'2018-05-23'),('P017',1010,'2018-05-30'),('P017',1010,'2018-06-06'),('P017',1010,'2018-06-13'),('P017',1010,'2018-06-20'),('P017',1010,'2018-06-27'),('P017',1010,'2018-07-04'),('P017',1010,'2018-07-11'),('P017',1010,'2018-07-18'),('P017',1010,'2018-07-25'),('P017',1010,'2018-08-01'),('P017',1010,'2018-08-08'),('P017',1010,'2018-08-15'),('P017',1010,'2018-08-22'),('P017',1010,'2018-08-29'),('P017',1010,'2018-09-05'),('P017',1010,'2018-09-12'),('P017',1010,'2018-09-19'),('P017',1010,'2018-09-26'),('P017',1010,'2018-10-03'),('P017',1010,'2018-10-10'),('P017',1010,'2018-10-17'),('P017',1010,'2018-10-24'),('P017',1010,'2018-10-31'),('P017',1010,'2018-11-07'),('P017',1010,'2018-11-14'),('P017',1010,'2018-11-21'),('P017',1010,'2018-11-28'),('P017',1010,'2018-12-05'),('P017',1010,'2018-12-12'),('P017',1010,'2018-12-19'),('P017',1010,'2018-12-26'),('P017',1010,'2019-01-02'),('P017',1010,'2019-01-09'),('P017',1010,'2019-01-16'),('P017',1010,'2019-01-23'),('P017',1010,'2019-01-30'),('P017',1010,'2019-02-06'),('P017',1010,'2019-02-13'),('P017',1010,'2019-02-20'),('P017',1010,'2019-02-27'),('P017',1010,'2019-03-06'),('P017',1010,'2019-03-13'),('P017',1010,'2019-03-20'),('P017',1010,'2019-03-27'),('P017',1010,'2019-04-03'),('P017',1010,'2019-04-10'),('P017',1010,'2019-04-17'),('P017',1010,'2019-04-24'),('P017',1010,'2019-05-01'),('P017',1010,'2019-05-08'),('P017',1010,'2019-05-15'),('P017',1010,'2019-05-22'),('P017',1010,'2019-05-29'),('P017',1010,'2019-06-05'),('P017',1010,'2019-06-12'),('P017',1010,'2019-06-19'),('P017',1010,'2019-06-26'),('P017',1010,'2019-07-03'),('P017',1010,'2019-07-10'),('P017',1010,'2019-07-17'),('P017',1010,'2019-07-24'),('P017',1010,'2019-07-31'),('P017',1010,'2019-08-07'),('P017',1010,'2019-08-14'),('P017',1010,'2019-08-21'),('P017',1010,'2019-08-28'),('P017',1010,'2019-09-04'),('P017',1010,'2019-09-11'),('P017',1010,'2019-09-18'),('P017',1010,'2019-09-25'),('P017',1010,'2019-10-02'),('P017',1010,'2019-10-09'),('P017',1010,'2019-10-16'),('P017',1010,'2019-10-23'),('P017',1010,'2019-10-30'),('P017',1010,'2019-11-06'),('P017',1010,'2019-11-13'),('P017',1010,'2019-11-20'),('P111',1001,'2021-12-05'),('P111',1002,'2021-12-05'),('P111',1003,'2021-12-05'),('P111',1004,'2021-12-05'),('P111',1005,'2021-12-05'),('P111',1006,'2021-12-05'),('P111',1009,'2021-12-05');
/*!40000 ALTER TABLE `drives` ENABLE KEYS */;
UNLOCK TABLES;

--
-- Table structure for table `employee`
--

DROP TABLE IF EXISTS `employee`;
/*!40101 SET @saved_cs_client     = @@character_set_client */;
/*!50503 SET character_set_client = utf8mb4 */;
CREATE TABLE `employee` (
  `eid` varchar(4) NOT NULL,
  `startdate` date NOT NULL,
  `type` varchar(20) NOT NULL,
  PRIMARY KEY (`eid`),
  CONSTRAINT `employee_ibfk_1` FOREIGN KEY (`eid`) REFERENCES `person` (`pid`),
  CONSTRAINT `employee_chk_1` CHECK ((`type` in (_utf8mb4'Staff',_utf8mb4'Ticket Checker',_utf8mb4'Driver')))
) ENGINE=InnoDB DEFAULT CHARSET=utf8mb4 COLLATE=utf8mb4_0900_ai_ci;
/*!40101 SET character_set_client = @saved_cs_client */;

--
-- Dumping data for table `employee`
--

LOCK TABLES `employee` WRITE;
/*!40000 ALTER TABLE `employee` DISABLE KEYS */;
INSERT INTO `employee` VALUES ('P001','2015-04-24','Staff'),('P003','2004-08-22','Staff'),('P004','2011-12-20','Ticket Checker'),('P005','2016-09-16','Ticket Checker'),('P006','2009-06-27','Ticket Checker'),('P007','2009-08-23','Ticket Checker'),('P008','2014-06-02','Driver'),('P012','2004-07-20','Ticket Checker'),('P013','2014-10-16','Ticket Checker'),('P014','2010-09-10','Staff'),('P015','2009-02-16','Ticket Checker'),('P016','2012-08-02','Ticket Checker'),('P017','2008-09-25','Driver'),('P019','2011-01-27','Ticket Checker'),('P020','2006-12-30','Ticket Checker'),('P111','2021-12-03','Driver');
/*!40000 ALTER TABLE `employee` ENABLE KEYS */;
UNLOCK TABLES;

--
-- Table structure for table `guest`
--

DROP TABLE IF EXISTS `guest`;
/*!40101 SET @saved_cs_client     = @@character_set_client */;
/*!50503 SET character_set_client = utf8mb4 */;
CREATE TABLE `guest` (
  `guestSSN` varchar(15) NOT NULL,
  `gname` varchar(30) NOT NULL,
  `gaddress` varchar(120) NOT NULL,
  `gcontact` int NOT NULL,
  PRIMARY KEY (`guestSSN`)
) ENGINE=InnoDB DEFAULT CHARSET=utf8mb4 COLLATE=utf8mb4_0900_ai_ci;
/*!40101 SET character_set_client = @saved_cs_client */;

--
-- Dumping data for table `guest`
--

LOCK TABLES `guest` WRITE;
/*!40000 ALTER TABLE `guest` DISABLE KEYS */;
INSERT INTO `guest` VALUES ('111122221','Laxman','2313 Megan St',987457898),('123456789','Ram','1231 RamSetu Rd',1234567890),('333444555','Shyam','1231 Shyamlal Rd',1748294728);
/*!40000 ALTER TABLE `guest` ENABLE KEYS */;
UNLOCK TABLES;

--
-- Table structure for table `guestlog`
--

DROP TABLE IF EXISTS `guestlog`;
/*!40101 SET @saved_cs_client     = @@character_set_client */;
/*!50503 SET character_set_client = utf8mb4 */;
CREATE TABLE `guestlog` (
  `pid` varchar(4) NOT NULL,
  `month` varchar(20) NOT NULL,
  `year` int NOT NULL,
  `count` int NOT NULL,
  `guestid` varchar(20) NOT NULL,
  `guestSSN` varchar(15) NOT NULL,
  PRIMARY KEY (`pid`,`month`,`year`),
  KEY `guestSSN` (`guestSSN`),
  CONSTRAINT `guestlog_ibfk_1` FOREIGN KEY (`pid`) REFERENCES `astar_passenger` (`pid`),
  CONSTRAINT `guestlog_ibfk_2` FOREIGN KEY (`guestSSN`) REFERENCES `guest` (`guestSSN`),
  CONSTRAINT `guestlog_chk_1` CHECK ((`count` between 1 and 4))
) ENGINE=InnoDB DEFAULT CHARSET=utf8mb4 COLLATE=utf8mb4_0900_ai_ci;
/*!40101 SET character_set_client = @saved_cs_client */;

--
-- Dumping data for table `guestlog`
--

LOCK TABLES `guestlog` WRITE;
/*!40000 ALTER TABLE `guestlog` DISABLE KEYS */;
INSERT INTO `guestlog` VALUES ('P111','December',2021,3,'1','111122221'),('P111','March',2021,1,'3','333444555'),('P111','May',2021,4,'2','123456789');
/*!40000 ALTER TABLE `guestlog` ENABLE KEYS */;
UNLOCK TABLES;

--
-- Table structure for table `pass`
--

DROP TABLE IF EXISTS `pass`;
/*!40101 SET @saved_cs_client     = @@character_set_client */;
/*!50503 SET character_set_client = utf8mb4 */;
CREATE TABLE `pass` (
  `passid` int NOT NULL,
  `validity` date NOT NULL,
  `eid` varchar(4) NOT NULL,
  PRIMARY KEY (`passid`),
  KEY `eid` (`eid`),
  CONSTRAINT `pass_ibfk_1` FOREIGN KEY (`eid`) REFERENCES `employee` (`eid`)
) ENGINE=InnoDB DEFAULT CHARSET=utf8mb4 COLLATE=utf8mb4_0900_ai_ci;
/*!40101 SET character_set_client = @saved_cs_client */;

--
-- Dumping data for table `pass`
--

LOCK TABLES `pass` WRITE;
/*!40000 ALTER TABLE `pass` DISABLE KEYS */;
INSERT INTO `pass` VALUES (1,'2025-03-31','P001'),(2,'2024-03-31','P001'),(3,'2027-03-31','P001'),(4,'2019-03-31','P003'),(5,'2018-03-31','P003'),(6,'2026-03-31','P003');
/*!40000 ALTER TABLE `pass` ENABLE KEYS */;
UNLOCK TABLES;

--
-- Table structure for table `payment`
--

DROP TABLE IF EXISTS `payment`;
/*!40101 SET @saved_cs_client     = @@character_set_client */;
/*!50503 SET character_set_client = utf8mb4 */;
CREATE TABLE `payment` (
  `paymentid` int NOT NULL AUTO_INCREMENT,
  `method` varchar(120) NOT NULL,
  `amount` float NOT NULL,
  PRIMARY KEY (`paymentid`),
  CONSTRAINT `payment_chk_1` CHECK ((`method` in (_utf8mb4'Cash',_utf8mb4'Card')))
) ENGINE=InnoDB AUTO_INCREMENT=5381 DEFAULT CHARSET=utf8mb4 COLLATE=utf8mb4_0900_ai_ci;
/*!40101 SET character_set_client = @saved_cs_client */;

--
-- Dumping data for table `payment`
--

LOCK TABLES `payment` WRITE;
/*!40000 ALTER TABLE `payment` DISABLE KEYS */;
INSERT INTO `payment` VALUES (1,'card',7.02),(2,'card',1.62),(3,'card',8.18),(4,'cash',8.23),(5,'cash',5.77),(6,'cash',9.26),(7,'card',7.34),(8,'cash',8.85),(9,'card',1.86),(10,'card',6.05),(11,'card',9.69),(12,'card',5.55),(13,'cash',9.5),(14,'card',4.51),(15,'cash',9.59),(16,'cash',9.55),(17,'card',7.83),(18,'cash',2.47),(19,'cash',9.79),(20,'cash',5.48),(21,'cash',2.07),(22,'cash',3.48),(23,'cash',9.68),(24,'cash',3.48),(25,'card',6.38),(26,'card',5.24),(27,'cash',7.58),(28,'cash',9.08),(29,'card',8.27),(30,'card',6.92),(31,'cash',8.97),(32,'cash',2.26),(33,'cash',5.8),(34,'card',5.68),(35,'card',6.75),(36,'cash',4.93),(37,'cash',5.28),(38,'card',3.51),(39,'card',1.56),(40,'cash',3.08),(41,'cash',1.66),(42,'cash',2.53),(43,'card',5.43),(44,'card',2.31),(45,'card',1.63),(46,'cash',4.26),(47,'cash',2.09),(48,'cash',8.63),(49,'card',8.23),(50,'card',3.96),(51,'cash',1.46),(52,'card',3.26),(53,'card',6.07),(54,'cash',8.27),(55,'cash',6.6),(56,'card',4.52),(57,'card',5.37),(58,'card',8.3),(59,'card',3.76),(60,'card',3.64),(61,'card',3.35),(62,'cash',5.79),(63,'cash',5.33),(64,'card',3.17),(65,'cash',9.87),(66,'card',5.53),(67,'card',4.58),(68,'card',3.83),(69,'card',5.65),(70,'card',9.55),(71,'cash',9.88),(72,'cash',6.16),(73,'cash',2.96),(74,'card',6.29),(75,'card',5.51),(76,'cash',6.51),(77,'cash',3.38),(78,'cash',7.67),(79,'card',2.73),(80,'cash',1.18),(81,'card',7.08),(82,'cash',5.29),(83,'cash',7.49),(84,'cash',3.27),(85,'cash',3.49),(86,'cash',2.45),(87,'card',8.76),(88,'card',3.21),(89,'cash',5.66),(90,'cash',1.18),(91,'card',1.26),(92,'cash',4.99),(93,'cash',7.16),(94,'card',5.24),(95,'card',6.42),(96,'card',1.25),(97,'cash',2.79),(98,'cash',9.61),(99,'cash',9.37),(100,'card',6.85),(101,'cash',2.48),(102,'card',1.22),(103,'cash',8),(104,'card',8.28),(105,'cash',2.67),(106,'card',9.25),(107,'card',6.54),(108,'cash',7.77),(109,'cash',6.11),(110,'card',4.49),(111,'cash',2.96),(112,'cash',4.31),(113,'card',8.54),(114,'cash',2.8),(115,'card',7.28),(116,'card',9.3),(117,'card',1.25),(118,'card',8.82),(119,'cash',1.6),(120,'card',4.58),(121,'card',7.34),(122,'cash',9.57),(123,'cash',5.21),(124,'card',6.88),(125,'card',1.79),(126,'card',6.65),(127,'cash',8.4),(128,'card',4.5),(129,'card',3.19),(130,'cash',1.65),(131,'cash',7.94),(132,'card',8.27),(133,'card',1.71),(134,'cash',5.9),(135,'card',5.19),(136,'cash',9.47),(137,'cash',6.42),(138,'cash',4.49),(139,'card',2.75),(140,'card',9.88),(141,'card',5.6),(142,'card',2.72),(143,'card',6.03),(144,'card',8.47),(145,'cash',1.05),(146,'cash',7.76),(147,'cash',4.43),(148,'cash',9.75),(149,'cash',3.73),(150,'cash',5.04),(151,'card',4.04),(152,'cash',8.18),(153,'cash',5.76),(154,'card',3.15),(155,'card',9.49),(156,'card',9.93),(157,'card',2.96),(158,'cash',8.8),(159,'card',3.35),(160,'cash',1.16),(161,'cash',2.26),(162,'cash',3.12),(163,'cash',7.13),(164,'card',8.87),(165,'card',6.31),(166,'card',7.84),(167,'cash',9.87),(168,'cash',8.49),(169,'cash',8.88),(170,'cash',4.15),(171,'cash',5.43),(172,'cash',9.17),(173,'card',2.65),(174,'card',6.71),(175,'cash',8.41),(176,'card',7.31),(177,'cash',7.57),(178,'cash',5.22),(179,'cash',6.63),(180,'card',6.5),(181,'card',8.72),(182,'card',8.1),(183,'cash',4.95),(184,'cash',4.64),(185,'cash',8.45),(186,'cash',8.83),(187,'card',6.61),(188,'cash',5.02),(189,'cash',9.06),(190,'card',6.54),(191,'card',5.85),(192,'card',1),(193,'cash',2.42),(194,'cash',4.54),(195,'cash',1.06),(196,'card',7.93),(197,'cash',1.91),(198,'card',6.92),(199,'card',6.17),(200,'cash',3.06),(201,'cash',6.28),(202,'cash',9.04),(203,'cash',2.41),(204,'card',3.44),(205,'card',1.79),(206,'cash',6.29),(207,'cash',5.36),(208,'card',4.79),(209,'card',2.03),(210,'cash',9.4),(211,'card',3.39),(212,'cash',7.72),(213,'cash',1.85),(214,'cash',7.08),(215,'cash',1.28),(216,'card',1.68),(217,'cash',9.7),(218,'cash',7.2),(219,'card',9.15),(220,'card',9.74),(221,'cash',5.12),(222,'cash',7.32),(223,'cash',9.92),(224,'card',9.98),(225,'card',1.61),(226,'card',5.84),(227,'card',9.13),(228,'cash',4.19),(229,'cash',1.86),(230,'cash',1.92),(231,'card',3.14),(232,'card',7.37),(233,'cash',1.02),(234,'card',4.87),(235,'card',2.88),(236,'cash',1.7),(237,'card',6.72),(238,'cash',6.26),(239,'cash',8.5),(240,'cash',9.51),(241,'card',6.86),(242,'cash',7.38),(243,'cash',2.74),(244,'cash',3.71),(245,'card',6.77),(246,'card',7.54),(247,'cash',6.41),(248,'card',8.78),(249,'cash',2.05),(250,'cash',2.08),(251,'cash',9.44),(252,'cash',3.92),(253,'cash',7.74),(254,'card',6.49),(255,'card',9.71),(256,'cash',1.85),(257,'card',2.17),(258,'card',9.09),(259,'cash',4.48),(260,'card',4.66),(261,'cash',6.08),(262,'cash',1.36),(263,'card',2.98),(264,'card',3.26),(265,'card',6.43),(266,'card',8.42),(267,'card',2.24),(268,'card',9.08),(269,'card',4.23),(270,'card',8.69),(271,'card',3.52),(272,'card',5.87),(273,'card',9.97),(274,'card',6.93),(275,'cash',8.22),(276,'cash',5.51),(277,'card',7.62),(278,'card',2.26),(279,'cash',8.93),(280,'card',5.22),(281,'card',6),(282,'card',8.57),(283,'cash',3.45),(284,'card',5.6),(285,'card',7.72),(286,'cash',7.27),(287,'card',5.33),(288,'cash',6.2),(289,'cash',8.04),(290,'cash',9.95),(291,'cash',9.73),(292,'cash',2.25),(293,'card',6.35),(294,'cash',8.84),(295,'card',7.57),(296,'cash',9.71),(297,'card',4.19),(298,'card',1.84),(299,'cash',2.6),(300,'cash',7.56),(301,'card',2.01),(302,'cash',9.97),(303,'cash',6.34),(304,'card',4.99),(305,'cash',3.95),(306,'cash',9.08),(307,'cash',7.19),(308,'card',3.25),(309,'cash',5.83),(310,'cash',9.23),(311,'cash',7.98),(312,'cash',6.87),(313,'cash',6.25),(314,'cash',2.41),(315,'card',6.56),(316,'card',7.39),(317,'cash',5.2),(318,'cash',2.23),(319,'card',7.23),(320,'cash',6.87),(321,'cash',2.98),(322,'card',6.29),(323,'card',5.47),(324,'cash',7.91),(325,'cash',4.96),(326,'card',5.89),(327,'card',5.51),(328,'cash',5.92),(329,'card',2.13),(330,'cash',9.24),(331,'card',8.96),(332,'card',1.85),(333,'card',6.86),(334,'card',2.55),(335,'card',5.18),(336,'cash',9.96),(337,'card',1.93),(338,'card',5.65),(339,'cash',8.6),(340,'card',2.71),(341,'cash',3.37),(342,'cash',2.41),(343,'card',2.61),(344,'cash',6.27),(345,'card',5.8),(346,'cash',6.55),(347,'card',9.23),(348,'cash',3.16),(349,'card',9.67),(350,'card',8.94),(351,'card',9.1),(352,'card',7.78),(353,'cash',6.47),(354,'card',2.63),(355,'cash',8.43),(356,'cash',9.25),(357,'card',5.65),(358,'card',2.86),(359,'card',6.21),(360,'cash',6.07),(361,'cash',4.28),(362,'cash',4.68),(363,'card',7.97),(364,'card',2.43),(365,'card',9.54),(366,'cash',6.78),(367,'card',4.77),(368,'card',7.39),(369,'cash',8.35),(370,'card',4.94),(371,'card',4.35),(372,'card',1.62),(373,'card',7.59),(374,'cash',8.86),(375,'card',3.13),(376,'card',6.77),(377,'cash',8.88),(378,'cash',3.99),(379,'cash',2.73),(380,'card',2.7),(381,'cash',2.59),(382,'cash',9.37),(383,'cash',1.27),(384,'card',7.96),(385,'card',7.06),(386,'card',5.19),(387,'cash',3.25),(388,'card',5.29),(389,'cash',7.4),(390,'card',5.56),(391,'card',5.06),(392,'cash',9.67),(393,'card',7.66),(394,'card',5.05),(395,'card',2.48),(396,'cash',2.12),(397,'cash',4.91),(398,'card',9.14),(399,'card',2.41),(400,'cash',6.22),(401,'card',3.93),(402,'card',9.84),(403,'card',5.93),(404,'cash',7.16),(405,'cash',6.52),(406,'card',3.51),(407,'cash',6.35),(408,'card',7),(409,'cash',6.52),(410,'cash',8.4),(411,'cash',2.04),(412,'card',6.31),(413,'card',5.44),(414,'card',4.1),(415,'card',4.16),(416,'card',6.29),(417,'cash',8.18),(418,'cash',9.43),(419,'card',4.62),(420,'cash',7.97),(421,'cash',3.26),(422,'card',5.16),(423,'card',7.68),(424,'cash',2.18),(425,'card',9.65),(426,'card',4.98),(427,'cash',4.66),(428,'card',6.13),(429,'cash',3.67),(430,'cash',6.05),(431,'cash',3.73),(432,'card',6.38),(433,'cash',3.09),(434,'card',4.8),(435,'card',5.89),(436,'card',5.99),(437,'card',9.86),(438,'card',6.35),(439,'cash',6.9),(440,'card',8.27),(441,'card',6.12),(442,'card',4.74),(443,'card',5.04),(444,'card',9.91),(445,'cash',8.74),(446,'card',1.48),(447,'card',7.02),(448,'cash',5.26),(449,'cash',5.3),(450,'card',2.43),(451,'cash',1.93),(452,'card',1.98),(453,'cash',6.21),(454,'card',1.89),(455,'cash',5.55),(456,'card',9.03),(457,'card',3.64),(458,'card',6.06),(459,'cash',4.02),(460,'card',8.62),(461,'card',9.65),(462,'cash',6.9),(463,'card',6.87),(464,'cash',9.7),(465,'cash',3.72),(466,'cash',8.28),(467,'cash',8.74),(468,'card',1.3),(469,'card',7.7),(470,'card',4.13),(471,'cash',3.12),(472,'cash',5.61),(473,'card',5.01),(474,'card',9.82),(475,'cash',1.6),(476,'cash',2.95),(477,'cash',8.31),(478,'card',6.05),(479,'cash',5.05),(480,'card',3.39),(481,'cash',4.54),(482,'cash',9.92),(483,'card',5.99),(484,'cash',9.26),(485,'card',9.42),(486,'cash',1.24),(487,'card',1.87),(488,'cash',5.99),(489,'card',2.42),(490,'card',1.9),(491,'card',1.76),(492,'card',2.71),(493,'card',3.79),(494,'card',9.96),(495,'cash',6.51),(496,'cash',2.45),(497,'cash',4.11),(498,'cash',2.89),(499,'card',4.56),(500,'card',8.18),(501,'card',6.82),(502,'cash',4.72),(503,'card',3.74),(504,'cash',7.74),(505,'cash',8.42),(506,'card',8.01),(507,'cash',7.29),(508,'card',2.59),(509,'card',6.75),(510,'cash',9.26),(511,'card',9.78),(512,'cash',1.86),(513,'cash',4.49),(514,'cash',1.29),(515,'card',1.29),(516,'card',2.46),(517,'card',7.9),(518,'card',8.94),(519,'cash',4.76),(520,'card',5.79),(521,'card',6.37),(522,'card',9.82),(523,'card',1.49),(524,'card',3.93),(525,'cash',8.13),(526,'cash',2.88),(527,'cash',5.32),(528,'cash',2.09),(529,'cash',1.99),(530,'cash',7.44),(531,'cash',7.31),(532,'cash',7.29),(533,'cash',9),(534,'card',3.89),(535,'card',3.47),(536,'cash',3.44),(537,'card',9.88),(538,'card',4.62),(539,'card',7.17),(540,'card',2.94),(541,'card',8.15),(542,'card',6.89),(543,'card',1.36),(544,'card',3.93),(545,'card',7.68),(546,'cash',9.83),(547,'cash',4.1),(548,'card',2.23),(549,'cash',6.7),(550,'card',8.37),(551,'cash',6.62),(552,'card',3.47),(553,'card',3.59),(554,'card',7.07),(555,'card',2.24),(556,'card',3.45),(557,'cash',3.92),(558,'cash',6.17),(559,'card',2.66),(560,'card',3.04),(561,'card',9.87),(562,'card',2.03),(563,'card',1.13),(564,'cash',5.61),(565,'card',1.15),(566,'cash',2.84),(567,'cash',8.08),(568,'card',9.8),(569,'cash',8.6),(570,'cash',2.19),(571,'card',9.98),(572,'cash',9.55),(573,'cash',2.52),(574,'card',8.69),(575,'card',5.6),(576,'card',6.71),(577,'card',2.16),(578,'card',2.45),(579,'card',8.77),(580,'card',8.99),(581,'card',6.55),(582,'card',4.67),(583,'card',3.82),(584,'card',4.36),(585,'card',3.7),(586,'cash',2.72),(587,'card',5.12),(588,'card',4.35),(589,'card',4.38),(590,'card',2.11),(591,'card',9.44),(592,'cash',9.92),(593,'cash',2.85),(594,'card',3.85),(595,'cash',6.86),(596,'card',4.48),(597,'card',7.49),(598,'card',5.71),(599,'cash',3.72),(600,'cash',7.16),(601,'cash',7.69),(602,'cash',8.98),(603,'cash',9.8),(604,'card',3.39),(605,'card',1.14),(606,'cash',8.38),(607,'card',1.02),(608,'card',4.4),(609,'card',8.17),(610,'card',2.76),(611,'card',7.95),(612,'cash',8.2),(613,'card',1.88),(614,'card',4.95),(615,'cash',1.79),(616,'card',6.67),(617,'card',3.47),(618,'card',5.6),(619,'cash',5.87),(620,'card',4.48),(621,'cash',2.5),(622,'card',2.06),(623,'cash',7.63),(624,'cash',2.19),(625,'card',1.53),(626,'cash',3.78),(627,'cash',2.68),(628,'card',3.41),(629,'card',5.46),(630,'cash',5.13),(631,'cash',7.41),(632,'cash',3.62),(633,'cash',8.3),(634,'card',2.92),(635,'card',4.22),(636,'cash',4.83),(637,'card',7.13),(638,'cash',5.17),(639,'card',6.31),(640,'card',9.05),(641,'card',3.34),(642,'cash',7.98),(643,'cash',5.38),(644,'card',8.8),(645,'cash',3.53),(646,'card',8.14),(647,'cash',9.87),(648,'card',7.59),(649,'card',8.06),(650,'cash',6.56),(651,'cash',9.08),(652,'cash',3.92),(653,'cash',2.73),(654,'card',9.22),(655,'cash',4.39),(656,'cash',7.48),(657,'card',2.41),(658,'cash',4.81),(659,'cash',2.62),(660,'cash',1.49),(661,'card',4.81),(662,'cash',6.58),(663,'cash',8.2),(664,'card',3.77),(665,'card',2.5),(666,'card',6.27),(667,'cash',7.8),(668,'card',4.78),(669,'cash',3.32),(670,'card',2.97),(671,'cash',3.56),(672,'cash',7.59),(673,'cash',2.36),(674,'cash',3.74),(675,'card',5.01),(676,'cash',3.83),(677,'cash',7.26),(678,'cash',8.41),(679,'card',1.55),(680,'cash',4.29),(681,'card',2.31),(682,'cash',7.64),(683,'cash',2.56),(684,'cash',2.53),(685,'cash',6.56),(686,'card',4.7),(687,'cash',4.26),(688,'card',9.13),(689,'card',3.02),(690,'card',8.9),(691,'card',8.35),(692,'cash',2.93),(693,'card',3.11),(694,'cash',8.19),(695,'cash',3.77),(696,'card',2.26),(697,'card',5.22),(698,'card',2.43),(699,'card',7.98),(700,'cash',3.33),(701,'cash',1.46),(702,'cash',2.4),(703,'card',6.6),(704,'cash',3.8),(705,'cash',7.64),(706,'cash',8.83),(707,'cash',5.23),(708,'cash',1.69),(709,'card',1.62),(710,'card',4.71),(711,'cash',5.89),(712,'cash',9.45),(713,'card',2.04),(714,'card',2.29),(715,'cash',7.32),(716,'cash',6.08),(717,'card',8.35),(718,'card',9.88),(719,'card',4),(720,'cash',9.05),(721,'card',8.07),(722,'card',5.79),(723,'card',6.6),(724,'card',9.45),(725,'cash',2.37),(726,'cash',6.32),(727,'card',9.88),(728,'cash',5.27),(729,'cash',5.81),(730,'cash',3.85),(731,'cash',4.7),(732,'cash',7.46),(733,'card',1.68),(734,'card',5.66),(735,'cash',9.7),(736,'card',6.23),(737,'card',7.97),(738,'cash',9.03),(739,'cash',4.95),(740,'cash',4.77),(741,'card',3.15),(742,'cash',7.08),(743,'cash',1.11),(744,'card',7.88),(745,'cash',3.47),(746,'card',6.52),(747,'card',4.6),(748,'cash',5.71),(749,'card',9.17),(750,'cash',4.5),(751,'cash',2.9),(752,'cash',1.71),(753,'card',1.32),(754,'cash',8.14),(755,'card',3.26),(756,'card',2.95),(757,'card',1.95),(758,'card',4.58),(759,'card',8.94),(760,'card',9.74),(761,'card',1.48),(762,'cash',4.36),(763,'card',7.32),(764,'card',6.84),(765,'cash',8.22),(766,'card',8.71),(767,'cash',4.26),(768,'card',7.53),(769,'cash',7.55),(770,'card',7.02),(771,'card',4.63),(772,'cash',6.78),(773,'cash',8.36),(774,'card',7.22),(775,'card',6.42),(776,'card',2.42),(777,'card',4.07),(778,'cash',8.09),(779,'cash',5.47),(780,'cash',2.94),(781,'card',8.32),(782,'card',3.84),(783,'card',1.19),(784,'cash',6.06),(785,'card',3.53),(786,'cash',4.27),(787,'cash',8.95),(788,'cash',9.02),(789,'cash',3.61),(790,'card',2.85),(791,'card',3.51),(792,'cash',6.04),(793,'cash',6.29),(794,'cash',7.61),(795,'cash',2.59),(796,'card',6.01),(797,'cash',5.3),(798,'cash',5.71),(799,'card',5.49),(800,'cash',2.08),(801,'card',6.59),(802,'cash',8.12),(803,'card',6.35),(804,'card',7.61),(805,'card',9.81),(806,'cash',5.73),(807,'cash',4.33),(808,'cash',2.33),(809,'card',8.3),(810,'cash',4.58),(811,'card',6.95),(812,'cash',2.96),(813,'card',4.55),(814,'card',2.98),(815,'card',3.39),(816,'cash',1.36),(817,'card',2.76),(818,'cash',7.2),(819,'card',8.25),(820,'card',2.21),(821,'card',7.32),(822,'card',6.38),(823,'cash',3.13),(824,'card',6.06),(825,'card',4.29),(826,'cash',2.89),(827,'card',6.26),(828,'card',4.17),(829,'cash',1.51),(830,'card',1.1),(831,'cash',3.08),(832,'card',7.51),(833,'card',3.18),(834,'cash',3.73),(835,'cash',8.8),(836,'card',8.78),(837,'card',3.99),(838,'card',5.74),(839,'card',2.5),(840,'card',6.11),(841,'cash',8.61),(842,'card',1.78),(843,'cash',6.08),(844,'card',1.39),(845,'cash',2.23),(846,'card',1.56),(847,'card',7.73),(848,'cash',3.78),(849,'cash',6.58),(850,'card',3.57),(851,'cash',3.42),(852,'card',3.32),(853,'cash',2.1),(854,'cash',6.43),(855,'cash',6.82),(856,'cash',6.99),(857,'cash',9),(858,'card',7.37),(859,'card',7.21),(860,'cash',9.36),(861,'cash',8.85),(862,'cash',8.77),(863,'card',5.96),(864,'card',7.35),(865,'card',3.2),(866,'cash',7.21),(867,'card',4.85),(868,'cash',8.52),(869,'card',7.83),(870,'cash',9.23),(871,'card',8.68),(872,'cash',4.2),(873,'card',2.4),(874,'card',8.42),(875,'card',8.56),(876,'cash',6.29),(877,'cash',1.02),(878,'cash',5.81),(879,'card',1.68),(880,'card',7.49),(881,'cash',8),(882,'card',3.23),(883,'card',7.96),(884,'cash',6.02),(885,'cash',7.55),(886,'cash',5.28),(887,'cash',4.66),(888,'card',2.87),(889,'card',9.21),(890,'cash',9.72),(891,'card',2.71),(892,'card',1.6),(893,'card',8.52),(894,'card',6.29),(895,'card',5.78),(896,'card',8.78),(897,'cash',8.66),(898,'cash',6.37),(899,'cash',6.73),(900,'card',7.99),(901,'cash',1.79),(902,'card',9.61),(903,'card',8.75),(904,'cash',3.87),(905,'card',5.19),(906,'card',7.42),(907,'card',9.46),(908,'card',7.36),(909,'cash',7.82),(910,'cash',3.57),(911,'card',6.73),(912,'cash',4.57),(913,'card',6.19),(914,'card',9.48),(915,'card',2.69),(916,'cash',9.99),(917,'cash',1.32),(918,'cash',5.75),(919,'cash',2.22),(920,'card',4.09),(921,'card',2.64),(922,'card',5.91),(923,'card',1.29),(924,'cash',9.37),(925,'cash',3.73),(926,'card',8.28),(927,'cash',3.45),(928,'cash',8.91),(929,'cash',5.35),(930,'card',9.43),(931,'card',3.24),(932,'cash',5.53),(933,'card',3.75),(934,'card',2.87),(935,'cash',6.56),(936,'card',6.09),(937,'card',8.72),(938,'cash',6.81),(939,'card',8.62),(940,'cash',4.87),(941,'cash',6.48),(942,'card',5.36),(943,'cash',5.5),(944,'card',6.35),(945,'card',1.5),(946,'card',7.14),(947,'card',7.77),(948,'cash',8.41),(949,'card',5.31),(950,'cash',7.5),(951,'card',7.17),(952,'cash',3.4),(953,'card',8.67),(954,'card',5.28),(955,'cash',1.05),(956,'cash',2.04),(957,'card',1.49),(958,'card',8.26),(959,'cash',3.15),(960,'card',7.62),(961,'cash',2.03),(962,'card',7.15),(963,'card',2.75),(964,'card',3.9),(965,'cash',3.41),(966,'cash',3.6),(967,'cash',1.63),(968,'card',1.73),(969,'card',4.77),(970,'card',1.27),(971,'card',6.66),(972,'cash',1.86),(973,'cash',6.83),(974,'card',8.17),(975,'cash',1.9),(976,'card',1.34),(977,'card',8.96),(978,'card',9.86),(979,'card',4.52),(980,'card',4.94),(981,'card',9.14),(982,'card',1.74),(983,'card',5.84),(984,'cash',2.22),(985,'cash',6.21),(986,'card',2.88),(987,'cash',2.1),(988,'cash',9.07),(989,'cash',8.33),(990,'card',4.54),(991,'cash',7.52),(992,'card',3.37),(993,'cash',2.52),(994,'cash',6.64),(995,'card',5.56),(996,'card',9.26),(997,'cash',9.66),(998,'card',3.21),(999,'cash',3.5),(1000,'card',4.44),(1001,'cash',8.64),(1002,'cash',9.07),(1003,'cash',5.9),(1004,'cash',1.87),(1005,'cash',4.5),(1006,'card',6.81),(1007,'card',2.49),(1008,'cash',1.37),(1009,'cash',6.82),(1010,'cash',2.27),(1011,'cash',7.57),(1012,'cash',2.87),(1013,'cash',5.11),(1014,'card',7.93),(1015,'card',9.25),(1016,'cash',4.82),(1017,'card',9.24),(1018,'cash',9.09),(1019,'card',8.66),(1020,'cash',1.34),(1021,'cash',2.75),(1022,'card',4.65),(1023,'cash',4.4),(1024,'card',3.7),(1025,'card',1.59),(1026,'cash',1.8),(1027,'cash',3.81),(1028,'cash',5.91),(1029,'cash',9.85),(1030,'cash',8.06),(1031,'card',1.38),(1032,'cash',7.44),(1033,'card',7.96),(1034,'cash',2.02),(1035,'cash',8.4),(1036,'card',2.48),(1037,'card',6.65),(1038,'cash',9.31),(1039,'cash',8),(1040,'card',8.83),(1041,'cash',3.39),(1042,'card',6.28),(1043,'cash',5.11),(1044,'card',5.04),(1045,'card',5.74),(1046,'cash',6.78),(1047,'cash',4.97),(1048,'cash',3.29),(1049,'cash',7.7),(1050,'card',4.37),(1051,'cash',6.52),(1052,'card',6.22),(1053,'card',7.72),(1054,'cash',8),(1055,'cash',2.11),(1056,'cash',4.52),(1057,'card',1.71),(1058,'cash',4.31),(1059,'card',1.93),(1060,'cash',5.1),(1061,'cash',2.32),(1062,'card',4.15),(1063,'cash',9.11),(1064,'cash',5.14),(1065,'cash',4.57),(1066,'cash',5.16),(1067,'cash',2.05),(1068,'card',9.16),(1069,'card',9.71),(1070,'card',8.14),(1071,'cash',6.34),(1072,'card',4.76),(1073,'card',2.04),(1074,'cash',4.65),(1075,'card',7.54),(1076,'cash',7.59),(1077,'card',9.87),(1078,'card',4.38),(1079,'cash',9.89),(1080,'cash',7.6),(1081,'card',4.83),(1082,'cash',7.53),(1083,'cash',5.05),(1084,'cash',9.4),(1085,'card',3.96),(1086,'cash',3.93),(1087,'cash',8.58),(1088,'card',6.84),(1089,'cash',1.33),(1090,'cash',5.42),(1091,'cash',6.57),(1092,'cash',5.64),(1093,'card',7.07),(1094,'cash',5.58),(1095,'card',1.13),(1096,'card',7.34),(1097,'cash',6.85),(1098,'card',4.84),(1099,'card',7.46),(1100,'cash',2.05),(1101,'card',1.58),(1102,'cash',5.55),(1103,'card',9.61),(1104,'cash',1.59),(1105,'card',3.01),(1106,'card',6.79),(1107,'card',1.33),(1108,'card',4.69),(1109,'card',6.38),(1110,'card',6),(1111,'card',5.61),(1112,'cash',3.06),(1113,'card',3.08),(1114,'card',7.28),(1115,'card',5.04),(1116,'cash',7.97),(1117,'cash',7.23),(1118,'cash',9.24),(1119,'card',8.76),(1120,'cash',1.84),(1121,'cash',8.83),(1122,'card',4.23),(1123,'card',7.3),(1124,'cash',9.87),(1125,'card',2.84),(1126,'cash',3.88),(1127,'cash',8.55),(1128,'card',7.2),(1129,'card',6.1),(1130,'card',4.17),(1131,'cash',8.5),(1132,'card',6.85),(1133,'cash',6.26),(1134,'card',4.86),(1135,'cash',8.22),(1136,'cash',9.3),(1137,'cash',2.6),(1138,'cash',1.52),(1139,'card',5.16),(1140,'cash',7.95),(1141,'cash',8.07),(1142,'card',9.88),(1143,'card',4.03),(1144,'cash',8.53),(1145,'card',4.17),(1146,'card',4.47),(1147,'cash',7.74),(1148,'cash',6.6),(1149,'cash',8.05),(1150,'cash',1.05),(1151,'card',7.47),(1152,'card',5.64),(1153,'cash',1.53),(1154,'card',9.04),(1155,'card',7.9),(1156,'cash',9.43),(1157,'cash',9.2),(1158,'cash',9.09),(1159,'card',1.69),(1160,'card',5.93),(1161,'cash',2.49),(1162,'card',4.23),(1163,'cash',3.89),(1164,'card',4.6),(1165,'card',5.66),(1166,'card',6.93),(1167,'card',2.82),(1168,'cash',2.18),(1169,'cash',1.26),(1170,'cash',1.41),(1171,'card',5.71),(1172,'cash',6.35),(1173,'card',4.92),(1174,'card',1.79),(1175,'card',2.71),(1176,'cash',3.86),(1177,'cash',3.93),(1178,'cash',8.81),(1179,'cash',4.47),(1180,'card',6.9),(1181,'cash',8.57),(1182,'card',8.64),(1183,'cash',6.2),(1184,'card',9.78),(1185,'card',4.99),(1186,'card',8),(1187,'cash',9.59),(1188,'card',6.6),(1189,'cash',3.73),(1190,'cash',6.25),(1191,'card',1.87),(1192,'cash',4.85),(1193,'card',3.7),(1194,'cash',5.44),(1195,'cash',2.98),(1196,'cash',6.43),(1197,'card',5.94),(1198,'card',3.91),(1199,'card',6.74),(1200,'cash',1.48),(1201,'card',7.37),(1202,'card',1.24),(1203,'card',7.38),(1204,'card',9.31),(1205,'card',4.48),(1206,'card',6.27),(1207,'card',5.45),(1208,'card',7.87),(1209,'card',2.09),(1210,'card',4.96),(1211,'cash',6.12),(1212,'cash',6.59),(1213,'card',1.23),(1214,'cash',8.08),(1215,'card',3.94),(1216,'card',7.06),(1217,'cash',3.22),(1218,'card',6.24),(1219,'cash',4),(1220,'cash',1.63),(1221,'card',4.55),(1222,'cash',4.42),(1223,'card',9.54),(1224,'card',9.27),(1225,'cash',1.06),(1226,'cash',3.89),(1227,'cash',3.48),(1228,'cash',6.38),(1229,'card',5.5),(1230,'card',9.63),(1231,'card',3.58),(1232,'card',7.21),(1233,'card',5.31),(1234,'card',7.79),(1235,'cash',9.71),(1236,'card',8.5),(1237,'card',7.8),(1238,'card',3.86),(1239,'card',9.44),(1240,'card',3.86),(1241,'card',7.82),(1242,'cash',3.38),(1243,'card',4.93),(1244,'card',5.92),(1245,'cash',9.6),(1246,'card',7.58),(1247,'card',3.15),(1248,'cash',9.66),(1249,'cash',2.48),(1250,'card',3.09),(1251,'cash',8.15),(1252,'cash',4.03),(1253,'cash',2.54),(1254,'cash',3.69),(1255,'cash',2.6),(1256,'cash',1.56),(1257,'cash',6.23),(1258,'card',2.03),(1259,'cash',8.73),(1260,'cash',4.5),(1261,'cash',6.84),(1262,'card',7.68),(1263,'card',8.41),(1264,'cash',1.45),(1265,'cash',5.3),(1266,'card',9.44),(1267,'card',4.17),(1268,'cash',5.23),(1269,'card',3.64),(1270,'cash',9.75),(1271,'cash',7.29),(1272,'card',3.15),(1273,'card',2.17),(1274,'card',5.85),(1275,'card',4.83),(1276,'card',7.98),(1277,'cash',7.61),(1278,'card',7.83),(1279,'cash',3.74),(1280,'card',5.43),(1281,'card',2.73),(1282,'cash',5.58),(1283,'cash',2.25),(1284,'cash',7.69),(1285,'card',5.46),(1286,'card',4.45),(1287,'cash',8.24),(1288,'card',2.93),(1289,'card',6.76),(1290,'cash',5.47),(1291,'cash',8.65),(1292,'cash',9.03),(1293,'cash',7.95),(1294,'cash',2.15),(1295,'cash',3.39),(1296,'card',1.6),(1297,'cash',1.35),(1298,'card',7.18),(1299,'cash',9.83),(1300,'cash',3.28),(1301,'card',3.37),(1302,'card',6.74),(1303,'cash',1.7),(1304,'card',7.97),(1305,'card',6.95),(1306,'card',3.76),(1307,'card',9.29),(1308,'cash',4.61),(1309,'card',2.27),(1310,'cash',4.83),(1311,'cash',8.63),(1312,'cash',7.75),(1313,'card',1.72),(1314,'card',8.03),(1315,'cash',6.57),(1316,'card',6.92),(1317,'cash',8.78),(1318,'cash',5.71),(1319,'cash',6.57),(1320,'cash',4.91),(1321,'cash',3.57),(1322,'cash',3.8),(1323,'card',4.07),(1324,'cash',7.29),(1325,'cash',5.33),(1326,'card',5.67),(1327,'cash',1.52),(1328,'card',2.07),(1329,'cash',8.46),(1330,'cash',6.65),(1331,'cash',3.64),(1332,'card',5.77),(1333,'cash',5.57),(1334,'card',1.62),(1335,'card',9.77),(1336,'cash',5.88),(1337,'cash',3.4),(1338,'card',2.05),(1339,'cash',2.49),(1340,'card',1.63),(1341,'cash',6.93),(1342,'cash',2.01),(1343,'card',4.21),(1344,'card',8.03),(1345,'card',8.92),(1346,'cash',2.81),(1347,'cash',8.84),(1348,'cash',4.96),(1349,'card',9.66),(1350,'cash',4.01),(1351,'card',5.02),(1352,'cash',1.42),(1353,'card',5.44),(1354,'cash',3.41),(1355,'cash',3.34),(1356,'card',9.45),(1357,'card',2.97),(1358,'cash',8.09),(1359,'cash',1.65),(1360,'cash',9.6),(1361,'cash',8.1),(1362,'card',2.25),(1363,'card',4.92),(1364,'card',1.42),(1365,'cash',5.55),(1366,'cash',7.76),(1367,'card',4.76),(1368,'card',2.3),(1369,'cash',4.25),(1370,'cash',3.47),(1371,'card',1.68),(1372,'cash',9.35),(1373,'card',1.56),(1374,'card',7.88),(1375,'card',1.36),(1376,'card',2.22),(1377,'card',6.57),(1378,'cash',7.03),(1379,'cash',5.89),(1380,'card',8.76),(1381,'cash',9.42),(1382,'card',7.44),(1383,'card',3.09),(1384,'card',6.82),(1385,'cash',2.71),(1386,'card',4.08),(1387,'card',9.6),(1388,'cash',1.17),(1389,'card',8.67),(1390,'cash',6.07),(1391,'cash',3.38),(1392,'card',4.12),(1393,'cash',2.12),(1394,'card',1.19),(1395,'card',7.58),(1396,'cash',2.64),(1397,'cash',4.41),(1398,'card',9.21),(1399,'cash',7.7),(1400,'card',9.84),(1401,'card',5.91),(1402,'cash',6.32),(1403,'card',8.26),(1404,'cash',5.67),(1405,'cash',1.11),(1406,'cash',9.9),(1407,'card',3.68),(1408,'cash',7.87),(1409,'card',9.29),(1410,'card',1.99),(1411,'cash',2.23),(1412,'card',5.02),(1413,'cash',2.24),(1414,'cash',2.66),(1415,'cash',8.89),(1416,'card',3.05),(1417,'cash',5.86),(1418,'card',6.86),(1419,'cash',3.38),(1420,'cash',7.92),(1421,'cash',9.52),(1422,'cash',7.74),(1423,'card',4.67),(1424,'card',4.17),(1425,'card',5.8),(1426,'card',2.33),(1427,'card',2.5),(1428,'cash',2.03),(1429,'card',4.32),(1430,'cash',6.07),(1431,'card',8.3),(1432,'cash',3.65),(1433,'card',4.58),(1434,'card',9.27),(1435,'card',9.9),(1436,'card',6.28),(1437,'cash',1.37),(1438,'cash',9.36),(1439,'card',8.03),(1440,'card',2.3),(1441,'card',4.54),(1442,'card',3.74),(1443,'cash',8.75),(1444,'cash',7.42),(1445,'cash',3.05),(1446,'cash',8.49),(1447,'cash',5.2),(1448,'cash',4.49),(1449,'card',2.3),(1450,'card',5.29),(1451,'card',4.53),(1452,'card',9.94),(1453,'cash',2.81),(1454,'card',7.1),(1455,'cash',4.55),(1456,'card',4.51),(1457,'card',3.55),(1458,'cash',6.05),(1459,'cash',9.35),(1460,'cash',5.26),(1461,'cash',1.95),(1462,'cash',4.73),(1463,'cash',6.78),(1464,'cash',7.79),(1465,'card',1.22),(1466,'card',4.68),(1467,'cash',5.31),(1468,'cash',1.79),(1469,'cash',5.89),(1470,'cash',7.66),(1471,'card',6.49),(1472,'cash',8.01),(1473,'card',5.81),(1474,'cash',8.59),(1475,'cash',7.75),(1476,'card',2.63),(1477,'cash',6.27),(1478,'card',8.58),(1479,'card',4.03),(1480,'card',2.77),(1481,'cash',1.66),(1482,'cash',8.27),(1483,'card',1.17),(1484,'cash',3.16),(1485,'cash',9.4),(1486,'card',9.35),(1487,'card',2.26),(1488,'card',1.62),(1489,'cash',7.05),(1490,'cash',7.04),(1491,'cash',5.91),(1492,'cash',3.29),(1493,'card',7.14),(1494,'card',6.93),(1495,'card',9.68),(1496,'card',4.14),(1497,'card',4.15),(1498,'card',1.48),(1499,'card',8.2),(1500,'cash',7.49),(1501,'cash',8.68),(1502,'card',6.99),(1503,'card',4.9),(1504,'cash',9.53),(1505,'cash',7.33),(1506,'card',5.11),(1507,'card',3.17),(1508,'card',9.71),(1509,'card',9.48),(1510,'card',7.39),(1511,'card',2.7),(1512,'card',9.29),(1513,'cash',8.42),(1514,'cash',8.57),(1515,'card',8.66),(1516,'cash',1.24),(1517,'card',2.99),(1518,'card',9.72),(1519,'card',2.47),(1520,'card',5.51),(1521,'card',9.24),(1522,'card',9.91),(1523,'card',5.5),(1524,'cash',8.28),(1525,'card',1.38),(1526,'card',9.02),(1527,'card',8.55),(1528,'cash',8.7),(1529,'card',7.16),(1530,'cash',2.64),(1531,'cash',7.65),(1532,'cash',5.06),(1533,'card',3.62),(1534,'card',1.36),(1535,'cash',8.46),(1536,'card',7.07),(1537,'card',2.09),(1538,'card',4.5),(1539,'cash',3.04),(1540,'card',1.52),(1541,'card',7.57),(1542,'cash',8.54),(1543,'card',5.63),(1544,'cash',7.07),(1545,'card',9.37),(1546,'card',4.59),(1547,'cash',2.52),(1548,'card',1.98),(1549,'cash',9.85),(1550,'card',7.34),(1551,'card',7.01),(1552,'cash',6.19),(1553,'cash',7.2),(1554,'cash',2.47),(1555,'card',6.78),(1556,'card',7.37),(1557,'card',4.4),(1558,'cash',9.45),(1559,'card',2.16),(1560,'cash',2.96),(1561,'card',8.23),(1562,'cash',2.03),(1563,'card',6.06),(1564,'card',1.71),(1565,'card',8.05),(1566,'cash',9.32),(1567,'card',6.37),(1568,'card',4.28),(1569,'card',5.81),(1570,'card',4.15),(1571,'cash',5.98),(1572,'cash',5.18),(1573,'cash',8.25),(1574,'cash',2.89),(1575,'cash',8.01),(1576,'card',6.94),(1577,'cash',1.18),(1578,'cash',6.75),(1579,'cash',4.95),(1580,'cash',6.15),(1581,'cash',5.81),(1582,'card',8.19),(1583,'card',4.03),(1584,'card',8.25),(1585,'card',1.61),(1586,'card',8.6),(1587,'card',9.93),(1588,'cash',7.79),(1589,'card',7.62),(1590,'cash',2.9),(1591,'card',6.88),(1592,'card',7.22),(1593,'cash',5.89),(1594,'cash',4.44),(1595,'cash',1.38),(1596,'card',7.11),(1597,'cash',3.63),(1598,'card',1.96),(1599,'cash',2.78),(1600,'card',3.13),(1601,'card',1.1),(1602,'cash',4.19),(1603,'card',9.33),(1604,'cash',7.58),(1605,'cash',2.11),(1606,'cash',4.88),(1607,'card',7.8),(1608,'cash',1.93),(1609,'card',9.63),(1610,'card',5.13),(1611,'card',5.44),(1612,'card',1.55),(1613,'card',5.61),(1614,'cash',9.57),(1615,'cash',2.05),(1616,'card',9.25),(1617,'cash',1.29),(1618,'card',9.38),(1619,'card',4.05),(1620,'cash',6.8),(1621,'cash',2.45),(1622,'cash',1.8),(1623,'card',7.43),(1624,'card',9.99),(1625,'cash',4.39),(1626,'card',8.2),(1627,'cash',8.07),(1628,'cash',4.02),(1629,'cash',2.46),(1630,'cash',1.11),(1631,'cash',2.09),(1632,'card',4.18),(1633,'card',9.66),(1634,'cash',1.9),(1635,'cash',5.44),(1636,'cash',4.85),(1637,'cash',4.59),(1638,'card',3.25),(1639,'card',2.08),(1640,'cash',2.46),(1641,'card',7.27),(1642,'card',4.68),(1643,'cash',8.57),(1644,'card',9.44),(1645,'card',7.32),(1646,'card',9.71),(1647,'cash',4.37),(1648,'cash',1.84),(1649,'cash',5.32),(1650,'cash',5.47),(1651,'cash',7.28),(1652,'cash',3.48),(1653,'cash',3.35),(1654,'cash',5.98),(1655,'card',7.83),(1656,'cash',8.56),(1657,'card',9.93),(1658,'cash',9.7),(1659,'cash',4.74),(1660,'cash',9.66),(1661,'card',2.18),(1662,'cash',7),(1663,'card',2.91),(1664,'cash',9.26),(1665,'card',4.73),(1666,'cash',3.77),(1667,'card',9.24),(1668,'card',2.96),(1669,'card',4.08),(1670,'card',8.78),(1671,'cash',4.68),(1672,'card',7.33),(1673,'card',8.53),(1674,'card',2.23),(1675,'card',7.81),(1676,'card',3.65),(1677,'cash',1.75),(1678,'cash',1.07),(1679,'card',9.15),(1680,'cash',2.68),(1681,'card',4.24),(1682,'card',8.71),(1683,'cash',5.65),(1684,'card',8.91),(1685,'cash',4.57),(1686,'card',8.41),(1687,'card',5.92),(1688,'card',1.78),(1689,'cash',8.52),(1690,'cash',4.39),(1691,'card',8.63),(1692,'cash',2.12),(1693,'card',1.08),(1694,'cash',4.57),(1695,'card',3.36),(1696,'card',5.19),(1697,'card',5.51),(1698,'card',2.08),(1699,'card',3.98),(1700,'cash',9.74),(1701,'cash',3.43),(1702,'cash',6.45),(1703,'card',2.35),(1704,'cash',9.3),(1705,'cash',4.56),(1706,'card',9.72),(1707,'cash',3.73),(1708,'cash',6.82),(1709,'card',4.14),(1710,'cash',2.3),(1711,'card',4.49),(1712,'card',5.46),(1713,'card',8.23),(1714,'cash',4.06),(1715,'cash',5.51),(1716,'cash',4.24),(1717,'cash',3.46),(1718,'card',7.68),(1719,'cash',1.73),(1720,'card',1.52),(1721,'card',3.06),(1722,'cash',8.42),(1723,'card',7.07),(1724,'card',8.95),(1725,'card',4.69),(1726,'card',1.57),(1727,'cash',4.3),(1728,'card',1.55),(1729,'card',3.11),(1730,'card',4.77),(1731,'cash',7.57),(1732,'card',3.32),(1733,'cash',6.68),(1734,'cash',8.94),(1735,'cash',6.38),(1736,'card',6.54),(1737,'card',9.52),(1738,'cash',1.4),(1739,'cash',2.26),(1740,'cash',2.79),(1741,'cash',6.29),(1742,'cash',2.97),(1743,'cash',6.42),(1744,'cash',3.53),(1745,'cash',8.8),(1746,'cash',7.02),(1747,'card',4.07),(1748,'cash',7.97),(1749,'cash',5.46),(1750,'card',5.02),(1751,'card',4.47),(1752,'cash',9.75),(1753,'cash',3.97),(1754,'cash',2.41),(1755,'cash',4.57),(1756,'cash',4.9),(1757,'cash',9.65),(1758,'card',9.52),(1759,'cash',5.27),(1760,'card',1.96),(1761,'cash',8.8),(1762,'card',7.6),(1763,'card',1.89),(1764,'cash',9.38),(1765,'card',6),(1766,'card',2.38),(1767,'cash',9.23),(1768,'card',6.64),(1769,'card',3.64),(1770,'card',4.55),(1771,'cash',8.4),(1772,'cash',3.74),(1773,'cash',4.56),(1774,'card',2.23),(1775,'card',3.96),(1776,'card',2.85),(1777,'card',8.13),(1778,'card',1.52),(1779,'cash',1.72),(1780,'card',1.39),(1781,'card',4.83),(1782,'cash',6.92),(1783,'cash',6.82),(1784,'card',8.31),(1785,'card',6.4),(1786,'card',1.3),(1787,'cash',2.88),(1788,'card',3.59),(1789,'cash',5.19),(1790,'cash',3.18),(1791,'card',2.2),(1792,'cash',8.98),(1793,'card',6.94),(1794,'card',4.61),(1795,'card',9.95),(1796,'card',6.71),(1797,'card',9.62),(1798,'card',3.35),(1799,'card',8.17),(1800,'cash',9.9),(1801,'cash',9.55),(1802,'card',9.52),(1803,'card',3.17),(1804,'card',6.28),(1805,'cash',5.34),(1806,'cash',1.06),(1807,'card',3.1),(1808,'card',7.29),(1809,'card',5.19),(1810,'cash',5.2),(1811,'cash',9.67),(1812,'cash',3.18),(1813,'card',9.08),(1814,'cash',8.01),(1815,'card',2.46),(1816,'card',2.77),(1817,'card',7.06),(1818,'card',7.71),(1819,'cash',4.73),(1820,'cash',3.29),(1821,'card',8.28),(1822,'cash',3.99),(1823,'card',2.88),(1824,'card',1.87),(1825,'cash',3.73),(1826,'cash',9.93),(1827,'card',7.33),(1828,'cash',3.92),(1829,'cash',7.53),(1830,'card',8.51),(1831,'cash',6.18),(1832,'card',7.76),(1833,'cash',9.54),(1834,'cash',6.92),(1835,'card',3.58),(1836,'card',8.71),(1837,'cash',6.87),(1838,'cash',3.99),(1839,'card',1),(1840,'cash',6.35),(1841,'card',6.22),(1842,'card',7.68),(1843,'cash',4.2),(1844,'cash',1.23),(1845,'cash',2.52),(1846,'card',8.44),(1847,'card',9.83),(1848,'cash',3.42),(1849,'card',7.66),(1850,'cash',2.67),(1851,'card',4.49),(1852,'cash',3.58),(1853,'card',2.72),(1854,'cash',6.15),(1855,'card',1.53),(1856,'cash',7.33),(1857,'cash',3.36),(1858,'card',2.12),(1859,'card',8.81),(1860,'card',4.83),(1861,'card',5.03),(1862,'card',9.77),(1863,'card',2.62),(1864,'card',8.08),(1865,'cash',2.52),(1866,'cash',4.76),(1867,'cash',5.25),(1868,'card',9.53),(1869,'cash',4.26),(1870,'card',1.24),(1871,'card',8.96),(1872,'card',1.61),(1873,'card',7.81),(1874,'cash',6.35),(1875,'cash',9.35),(1876,'card',8.18),(1877,'cash',3.1),(1878,'cash',6.63),(1879,'card',6.44),(1880,'card',4.91),(1881,'card',4.42),(1882,'card',9.71),(1883,'cash',5.97),(1884,'cash',5.81),(1885,'cash',7.87),(1886,'cash',3.56),(1887,'card',8.54),(1888,'card',2.16),(1889,'cash',2.93),(1890,'cash',1.99),(1891,'card',1.67),(1892,'card',6.9),(1893,'cash',3.91),(1894,'card',1.9),(1895,'card',7.08),(1896,'cash',5.21),(1897,'cash',8.62),(1898,'cash',9.05),(1899,'cash',3.25),(1900,'cash',1.98),(1901,'card',1.99),(1902,'card',9.56),(1903,'cash',2.55),(1904,'card',4.15),(1905,'cash',4.16),(1906,'card',7.82),(1907,'card',2.53),(1908,'cash',4.65),(1909,'cash',3.96),(1910,'cash',9.51),(1911,'card',2.44),(1912,'cash',7.32),(1913,'card',1.36),(1914,'cash',5.85),(1915,'card',3.43),(1916,'cash',7.64),(1917,'cash',7.44),(1918,'card',7.04),(1919,'card',7.65),(1920,'card',4.71),(1921,'card',2.96),(1922,'card',2.42),(1923,'card',6.26),(1924,'cash',3.47),(1925,'cash',8.81),(1926,'card',9.13),(1927,'card',9.74),(1928,'card',3.22),(1929,'cash',5.07),(1930,'card',5.16),(1931,'card',9.7),(1932,'card',2.04),(1933,'cash',9.4),(1934,'cash',2.14),(1935,'cash',8.81),(1936,'cash',6.9),(1937,'card',3.7),(1938,'card',8.58),(1939,'card',3.29),(1940,'cash',3.98),(1941,'cash',4.6),(1942,'cash',1.27),(1943,'card',6.96),(1944,'cash',1.86),(1945,'cash',1.06),(1946,'cash',6.37),(1947,'card',6.93),(1948,'cash',2.04),(1949,'cash',9.57),(1950,'card',3.44),(1951,'cash',2.42),(1952,'cash',6),(1953,'cash',8.81),(1954,'cash',4.14),(1955,'card',4.42),(1956,'cash',5.81),(1957,'cash',8.31),(1958,'cash',7.98),(1959,'cash',7.66),(1960,'cash',5.75),(1961,'card',4.96),(1962,'cash',6.7),(1963,'card',6.77),(1964,'card',3.44),(1965,'cash',4.95),(1966,'card',4.1),(1967,'card',4.42),(1968,'card',6.4),(1969,'card',3.61),(1970,'cash',7.22),(1971,'card',7.23),(1972,'cash',9.32),(1973,'cash',6.63),(1974,'cash',2.62),(1975,'card',6.95),(1976,'cash',4.74),(1977,'cash',8.77),(1978,'cash',8.41),(1979,'card',6.41),(1980,'card',3.61),(1981,'card',9.66),(1982,'card',2.41),(1983,'card',3.08),(1984,'card',6.49),(1985,'card',8.92),(1986,'cash',7.57),(1987,'card',5.33),(1988,'card',1.48),(1989,'card',3.41),(1990,'card',3.59),(1991,'cash',9.6),(1992,'cash',1.72),(1993,'card',2.78),(1994,'card',9.87),(1995,'card',4.43),(1996,'cash',8.74),(1997,'card',1.18),(1998,'cash',2.94),(1999,'card',2.89),(2000,'card',2.39),(2001,'card',9.73),(2002,'cash',7.25),(2003,'card',4.24),(2004,'cash',4.79),(2005,'card',8.58),(2006,'card',3.93),(2007,'card',6.89),(2008,'cash',7.12),(2009,'cash',4.97),(2010,'cash',8.53),(2011,'cash',5.42),(2012,'card',6.62),(2013,'cash',9.07),(2014,'cash',5.44),(2015,'card',1.11),(2016,'card',1),(2017,'card',9.16),(2018,'cash',6.69),(2019,'card',7.29),(2020,'cash',7.25),(2021,'cash',3.47),(2022,'cash',5.06),(2023,'cash',3.34),(2024,'cash',7.59),(2025,'cash',6.45),(2026,'cash',9.96),(2027,'cash',3.59),(2028,'card',3.95),(2029,'card',2.15),(2030,'card',3.13),(2031,'cash',9.63),(2032,'card',8.07),(2033,'cash',7.5),(2034,'cash',3.56),(2035,'cash',8.44),(2036,'card',9.81),(2037,'cash',2.18),(2038,'card',1.54),(2039,'card',5.7),(2040,'card',7.99),(2041,'card',9.28),(2042,'card',4.16),(2043,'card',3.53),(2044,'card',1.91),(2045,'cash',5.63),(2046,'cash',6.39),(2047,'card',2.62),(2048,'cash',9.33),(2049,'cash',6.81),(2050,'cash',5.91),(2051,'card',3.77),(2052,'card',6.61),(2053,'cash',6.62),(2054,'card',3.19),(2055,'card',2.93),(2056,'cash',9.79),(2057,'card',6.62),(2058,'cash',9.74),(2059,'cash',3.65),(2060,'card',1.03),(2061,'card',9.93),(2062,'cash',9.47),(2063,'cash',8.18),(2064,'cash',9.73),(2065,'card',2.09),(2066,'card',4.7),(2067,'cash',6.27),(2068,'cash',7.46),(2069,'cash',7.45),(2070,'cash',1.45),(2071,'cash',7.38),(2072,'cash',5.76),(2073,'cash',3.6),(2074,'cash',5.07),(2075,'card',8.72),(2076,'cash',6.42),(2077,'card',3.2),(2078,'cash',6.19),(2079,'cash',2.68),(2080,'card',5.7),(2081,'cash',8.77),(2082,'cash',2.66),(2083,'cash',6.87),(2084,'cash',8.8),(2085,'card',2.52),(2086,'cash',1.06),(2087,'cash',8.25),(2088,'cash',6.36),(2089,'cash',8.96),(2090,'card',1.95),(2091,'cash',7.15),(2092,'cash',8.92),(2093,'card',4.03),(2094,'card',5.74),(2095,'card',3.14),(2096,'cash',6.83),(2097,'card',4.29),(2098,'card',2.07),(2099,'card',4.96),(2100,'card',9.83),(2101,'cash',3.58),(2102,'card',1.64),(2103,'cash',1.03),(2104,'cash',2.84),(2105,'cash',8.23),(2106,'cash',6.04),(2107,'card',8.47),(2108,'card',8.84),(2109,'card',2.48),(2110,'cash',1.06),(2111,'card',1.74),(2112,'card',7.35),(2113,'card',2.71),(2114,'cash',8.99),(2115,'cash',7.31),(2116,'cash',9.06),(2117,'cash',8.82),(2118,'card',1.45),(2119,'card',4.74),(2120,'cash',3.51),(2121,'cash',7.99),(2122,'cash',1.44),(2123,'card',2.88),(2124,'cash',6.16),(2125,'card',2.96),(2126,'card',4.11),(2127,'card',3.03),(2128,'cash',7.01),(2129,'card',4.16),(2130,'cash',9.27),(2131,'card',1.47),(2132,'cash',6.57),(2133,'card',2.48),(2134,'card',6.85),(2135,'card',6.74),(2136,'card',1.59),(2137,'cash',8.35),(2138,'card',7.09),(2139,'card',2.73),(2140,'cash',1.59),(2141,'cash',7.86),(2142,'cash',3.41),(2143,'card',5.45),(2144,'card',4.93),(2145,'card',2.95),(2146,'card',3.94),(2147,'card',8.22),(2148,'cash',6.53),(2149,'cash',6.09),(2150,'cash',7.76),(2151,'cash',1.7),(2152,'cash',2.52),(2153,'card',9.72),(2154,'cash',8.85),(2155,'cash',1.6),(2156,'cash',5.72),(2157,'cash',5.39),(2158,'cash',2.73),(2159,'cash',9.17),(2160,'cash',6.53),(2161,'card',4.78),(2162,'card',4.23),(2163,'card',8.69),(2164,'cash',8.86),(2165,'card',2.4),(2166,'card',7.39),(2167,'card',3.09),(2168,'cash',8.2),(2169,'cash',9.39),(2170,'card',7.76),(2171,'card',2.86),(2172,'card',4.58),(2173,'cash',5.2),(2174,'cash',4.97),(2175,'card',7.74),(2176,'card',8.07),(2177,'card',8.63),(2178,'card',9.8),(2179,'cash',5.62),(2180,'card',7.56),(2181,'card',2.57),(2182,'cash',3.4),(2183,'cash',6.38),(2184,'cash',1.36),(2185,'card',7.29),(2186,'cash',8.44),(2187,'cash',6.56),(2188,'card',6.75),(2189,'card',7.25),(2190,'card',6.06),(2191,'card',7.69),(2192,'cash',9.11),(2193,'card',4.18),(2194,'cash',7.05),(2195,'cash',1.79),(2196,'cash',9.84),(2197,'cash',8.43),(2198,'cash',8.74),(2199,'card',4.43),(2200,'cash',5.46),(2201,'cash',2.15),(2202,'card',1.04),(2203,'cash',2.26),(2204,'cash',2.01),(2205,'cash',9.62),(2206,'cash',6.12),(2207,'cash',5),(2208,'cash',8.02),(2209,'card',6.2),(2210,'cash',5.58),(2211,'card',8.5),(2212,'card',7.47),(2213,'card',7.73),(2214,'cash',5.62),(2215,'cash',5.33),(2216,'card',8.48),(2217,'cash',3.58),(2218,'card',2.25),(2219,'card',9.31),(2220,'cash',7.73),(2221,'cash',8.98),(2222,'cash',8.26),(2223,'cash',7.3),(2224,'cash',6.48),(2225,'cash',6.29),(2226,'cash',6.69),(2227,'card',8.16),(2228,'cash',7.8),(2229,'cash',3.75),(2230,'cash',9),(2231,'card',6.99),(2232,'card',8.62),(2233,'card',3.29),(2234,'card',6.69),(2235,'card',5.84),(2236,'card',2.59),(2237,'card',2.12),(2238,'card',1.78),(2239,'cash',9.26),(2240,'cash',4.36),(2241,'card',5.46),(2242,'cash',4.68),(2243,'card',3.52),(2244,'card',7.65),(2245,'cash',6.93),(2246,'card',5.51),(2247,'card',3.11),(2248,'card',5.54),(2249,'card',4.81),(2250,'cash',2.45),(2251,'cash',5.15),(2252,'card',6.65),(2253,'card',1.6),(2254,'card',9.62),(2255,'cash',3.89),(2256,'cash',6.9),(2257,'cash',6.24),(2258,'card',7.41),(2259,'card',1.62),(2260,'card',3.63),(2261,'card',5.25),(2262,'cash',8.58),(2263,'card',5.08),(2264,'card',8.07),(2265,'card',7.21),(2266,'card',7.37),(2267,'card',8.08),(2268,'cash',5.58),(2269,'card',3.09),(2270,'card',5),(2271,'card',8.65),(2272,'card',7.62),(2273,'cash',4.19),(2274,'card',3.3),(2275,'card',4.73),(2276,'card',6.08),(2277,'cash',4.34),(2278,'card',6.11),(2279,'cash',5.84),(2280,'cash',1.16),(2281,'card',7.64),(2282,'cash',1.38),(2283,'cash',1.8),(2284,'card',6.43),(2285,'card',7.79),(2286,'card',7.42),(2287,'card',7.21),(2288,'cash',1.56),(2289,'cash',7.52),(2290,'cash',6.75),(2291,'card',3.41),(2292,'card',5.74),(2293,'card',7.62),(2294,'card',1.37),(2295,'card',2.08),(2296,'cash',1.84),(2297,'card',1.17),(2298,'card',1.67),(2299,'card',5.55),(2300,'cash',8.23),(2301,'card',7.83),(2302,'cash',7.05),(2303,'cash',8.87),(2304,'cash',3.4),(2305,'cash',5.99),(2306,'cash',5.1),(2307,'card',4.15),(2308,'card',5.2),(2309,'card',8.02),(2310,'cash',3.59),(2311,'card',6.54),(2312,'card',5.44),(2313,'card',8.78),(2314,'card',9.04),(2315,'card',5.19),(2316,'cash',6.26),(2317,'card',3.64),(2318,'cash',6.78),(2319,'cash',1.38),(2320,'cash',7.36),(2321,'card',3.7),(2322,'cash',2.63),(2323,'cash',6.2),(2324,'cash',7.27),(2325,'card',9.95),(2326,'card',2.79),(2327,'cash',7.49),(2328,'cash',2.52),(2329,'cash',7.3),(2330,'card',3.78),(2331,'card',7.46),(2332,'card',2.29),(2333,'card',9.69),(2334,'card',4.96),(2335,'cash',3.43),(2336,'cash',3.14),(2337,'cash',5.9),(2338,'cash',9.21),(2339,'cash',6.2),(2340,'card',7.88),(2341,'card',8.87),(2342,'card',7.74),(2343,'card',9.58),(2344,'cash',1.69),(2345,'cash',7.13),(2346,'card',1.12),(2347,'card',9.8),(2348,'cash',1.6),(2349,'cash',2.1),(2350,'cash',9.01),(2351,'card',1.95),(2352,'cash',3.71),(2353,'card',4.34),(2354,'card',5.44),(2355,'card',9.33),(2356,'card',5.13),(2357,'cash',1.51),(2358,'card',8.49),(2359,'cash',5.12),(2360,'card',7.7),(2361,'cash',8.92),(2362,'card',1.42),(2363,'cash',3.8),(2364,'cash',1.71),(2365,'cash',8.16),(2366,'cash',7.69),(2367,'cash',4.71),(2368,'cash',1.8),(2369,'cash',2.84),(2370,'card',7),(2371,'card',6.83),(2372,'cash',8.04),(2373,'cash',1.85),(2374,'card',6.95),(2375,'card',4.27),(2376,'card',6.2),(2377,'cash',8.61),(2378,'cash',9.3),(2379,'card',1.49),(2380,'cash',8.23),(2381,'cash',5.65),(2382,'card',2.6),(2383,'card',3.38),(2384,'card',6.09),(2385,'card',9.31),(2386,'cash',3.87),(2387,'cash',9.95),(2388,'card',7.58),(2389,'cash',7.82),(2390,'card',5.19),(2391,'card',5.81),(2392,'cash',8.18),(2393,'card',6.38),(2394,'cash',3.09),(2395,'cash',4.17),(2396,'cash',2.6),(2397,'cash',5.62),(2398,'card',7.4),(2399,'card',9.32),(2400,'card',8.68),(2401,'cash',5.67),(2402,'cash',2.89),(2403,'card',9.05),(2404,'card',2.05),(2405,'card',4.89),(2406,'cash',4.3),(2407,'cash',6.6),(2408,'card',1.69),(2409,'card',9.31),(2410,'cash',3.59),(2411,'card',7.36),(2412,'cash',3.06),(2413,'card',1.94),(2414,'cash',9.23),(2415,'card',7.03),(2416,'card',1.12),(2417,'card',5.19),(2418,'cash',1.9),(2419,'card',9.38),(2420,'cash',4.69),(2421,'card',3.35),(2422,'card',3.5),(2423,'cash',3.93),(2424,'card',5.3),(2425,'cash',6.46),(2426,'card',1.98),(2427,'cash',5.67),(2428,'cash',1.36),(2429,'card',2.5),(2430,'card',2.65),(2431,'cash',5.39),(2432,'cash',7.43),(2433,'cash',4.76),(2434,'cash',2.96),(2435,'cash',4.5),(2436,'cash',9.01),(2437,'cash',8.4),(2438,'cash',4.32),(2439,'card',9.25),(2440,'card',3.37),(2441,'cash',7.73),(2442,'card',8.83),(2443,'cash',2.06),(2444,'card',3.44),(2445,'cash',7.55),(2446,'card',7.68),(2447,'cash',6.07),(2448,'cash',9.96),(2449,'cash',2.85),(2450,'card',4.06),(2451,'card',7.43),(2452,'card',8.69),(2453,'card',2.77),(2454,'cash',9.5),(2455,'cash',4.13),(2456,'card',7.17),(2457,'card',1.71),(2458,'card',2.29),(2459,'card',3.99),(2460,'card',7.16),(2461,'card',5.88),(2462,'card',5.39),(2463,'card',7.7),(2464,'card',3.93),(2465,'card',8.36),(2466,'cash',1.37),(2467,'card',9.37),(2468,'card',4.32),(2469,'card',6.39),(2470,'card',7.75),(2471,'cash',9.26),(2472,'cash',4.63),(2473,'cash',6.39),(2474,'card',8.56),(2475,'card',2.53),(2476,'cash',4.57),(2477,'cash',9.11),(2478,'cash',3.15),(2479,'card',2.32),(2480,'cash',6.52),(2481,'cash',9.67),(2482,'cash',2.42),(2483,'card',3.74),(2484,'card',2.47),(2485,'cash',2.14),(2486,'card',1.97),(2487,'card',8.88),(2488,'cash',6.45),(2489,'card',5.2),(2490,'card',9.93),(2491,'cash',1.68),(2492,'card',4.83),(2493,'card',9.89),(2494,'card',9.67),(2495,'card',7.15),(2496,'card',9.95),(2497,'card',2.15),(2498,'card',9.88),(2499,'card',3.94),(2500,'cash',8.17),(2501,'cash',9.27),(2502,'cash',3.55),(2503,'cash',6.8),(2504,'cash',6.66),(2505,'card',6.44),(2506,'card',3.84),(2507,'card',3.36),(2508,'card',4.1),(2509,'cash',4.9),(2510,'card',5.6),(2511,'cash',9.46),(2512,'cash',6.29),(2513,'cash',6.27),(2514,'cash',5.11),(2515,'card',7.01),(2516,'cash',8.86),(2517,'card',8.16),(2518,'cash',8.3),(2519,'card',7.82),(2520,'cash',6.32),(2521,'cash',5.49),(2522,'cash',4.22),(2523,'cash',7),(2524,'cash',1.93),(2525,'cash',2),(2526,'card',5.91),(2527,'card',4.17),(2528,'card',7.44),(2529,'card',7.34),(2530,'card',1.34),(2531,'cash',5.91),(2532,'cash',6.77),(2533,'card',3.71),(2534,'cash',3.08),(2535,'card',5.26),(2536,'cash',8.58),(2537,'cash',7.83),(2538,'card',1.61),(2539,'cash',4.02),(2540,'cash',7.89),(2541,'cash',6.42),(2542,'cash',6.74),(2543,'cash',7.98),(2544,'card',2.46),(2545,'card',2.24),(2546,'card',6.4),(2547,'card',1.12),(2548,'cash',5.69),(2549,'cash',8.61),(2550,'card',5.88),(2551,'card',7.63),(2552,'card',1.26),(2553,'cash',5.46),(2554,'cash',3.52),(2555,'card',4.34),(2556,'card',8.18),(2557,'cash',8.33),(2558,'cash',3.07),(2559,'cash',9.21),(2560,'card',6.25),(2561,'card',5.83),(2562,'cash',8.74),(2563,'card',8.4),(2564,'card',2.89),(2565,'cash',7.58),(2566,'cash',6.71),(2567,'card',3.75),(2568,'cash',2.29),(2569,'card',3.62),(2570,'card',4.01),(2571,'cash',1.2),(2572,'card',2.19),(2573,'cash',3.8),(2574,'cash',1.17),(2575,'cash',7.38),(2576,'cash',3.03),(2577,'card',9.28),(2578,'cash',8.65),(2579,'cash',5.24),(2580,'cash',6.55),(2581,'cash',7.34),(2582,'cash',8.64),(2583,'cash',2.23),(2584,'card',3.02),(2585,'cash',3.97),(2586,'cash',9.56),(2587,'card',5.72),(2588,'card',8.18),(2589,'card',6.82),(2590,'card',3.39),(2591,'card',8.91),(2592,'card',5.07),(2593,'card',9.92),(2594,'cash',3.5),(2595,'card',1.1),(2596,'card',7.3),(2597,'cash',7.24),(2598,'card',2.04),(2599,'card',5.32),(2600,'cash',5.51),(2601,'cash',4.54),(2602,'cash',1.96),(2603,'cash',6.87),(2604,'cash',4.04),(2605,'card',3.62),(2606,'card',5.82),(2607,'card',4.88),(2608,'card',1.27),(2609,'cash',3.96),(2610,'card',8.37),(2611,'card',3.55),(2612,'card',3.16),(2613,'cash',9.57),(2614,'cash',7.21),(2615,'card',3.37),(2616,'cash',8.01),(2617,'cash',5),(2618,'cash',4.27),(2619,'cash',2.23),(2620,'cash',8.31),(2621,'card',7.24),(2622,'cash',5.84),(2623,'card',4.84),(2624,'card',3.95),(2625,'card',3.71),(2626,'card',2.69),(2627,'cash',1.92),(2628,'card',1.44),(2629,'card',3.01),(2630,'card',1.15),(2631,'card',5.04),(2632,'card',9.61),(2633,'card',5.79),(2634,'card',9.89),(2635,'cash',8.17),(2636,'card',7.55),(2637,'cash',7.25),(2638,'card',2.82),(2639,'card',2.02),(2640,'cash',9.33),(2641,'card',6.15),(2642,'cash',3.15),(2643,'card',5.49),(2644,'cash',8.18),(2645,'card',5.95),(2646,'cash',5.54),(2647,'card',9.71),(2648,'cash',5.4),(2649,'cash',7.75),(2650,'card',1.77),(2651,'cash',1.31),(2652,'cash',6.47),(2653,'card',8.44),(2654,'card',7.38),(2655,'cash',7.7),(2656,'card',5.9),(2657,'card',7.07),(2658,'cash',4.57),(2659,'cash',2.81),(2660,'cash',9.03),(2661,'card',8.33),(2662,'cash',7.7),(2663,'cash',2.93),(2664,'card',1.01),(2665,'cash',2.52),(2666,'cash',4.58),(2667,'cash',9.56),(2668,'cash',9.37),(2669,'cash',4.4),(2670,'card',2.05),(2671,'cash',1.44),(2672,'cash',4.8),(2673,'card',4.92),(2674,'cash',5.48),(2675,'cash',7.35),(2676,'cash',2.88),(2677,'card',3.15),(2678,'cash',3.41),(2679,'cash',5.07),(2680,'card',5.96),(2681,'card',7.91),(2682,'card',7.56),(2683,'cash',6.44),(2684,'cash',7.54),(2685,'cash',4.03),(2686,'card',1.67),(2687,'card',2.44),(2688,'card',5.43),(2689,'card',4.68),(2690,'cash',4.23),(2691,'cash',6.5),(2692,'card',9.02),(2693,'cash',1.76),(2694,'cash',8.01),(2695,'card',4.65),(2696,'card',9.52),(2697,'cash',1.78),(2698,'card',5.64),(2699,'cash',9.24),(2700,'cash',1.54),(2701,'card',6.96),(2702,'card',6.96),(2703,'card',4.35),(2704,'card',9.73),(2705,'card',2.92),(2706,'cash',8.23),(2707,'cash',4.74),(2708,'cash',3.84),(2709,'cash',5.21),(2710,'card',8.66),(2711,'cash',9.71),(2712,'card',7.61),(2713,'cash',6.99),(2714,'card',2.41),(2715,'card',8),(2716,'cash',1.77),(2717,'card',9.44),(2718,'cash',7.86),(2719,'card',8.68),(2720,'card',9.71),(2721,'cash',8.94),(2722,'card',1.14),(2723,'cash',1.3),(2724,'card',7.12),(2725,'card',8.45),(2726,'card',5.74),(2727,'cash',5.78),(2728,'cash',9.43),(2729,'card',4.24),(2730,'card',1.07),(2731,'cash',3.29),(2732,'card',7.88),(2733,'card',8.21),(2734,'card',9.2),(2735,'cash',9.98),(2736,'cash',2.9),(2737,'cash',1.54),(2738,'cash',3.98),(2739,'cash',5.52),(2740,'cash',7.29),(2741,'cash',4.65),(2742,'cash',1.62),(2743,'card',8.69),(2744,'card',5.51),(2745,'card',2.69),(2746,'cash',2.28),(2747,'card',3.76),(2748,'card',7.08),(2749,'card',6.83),(2750,'card',3.42),(2751,'cash',8.25),(2752,'cash',2.98),(2753,'cash',6.77),(2754,'cash',3.73),(2755,'cash',2.08),(2756,'cash',9.88),(2757,'cash',3.46),(2758,'card',4.03),(2759,'card',9.85),(2760,'cash',4.35),(2761,'cash',6.19),(2762,'cash',5.12),(2763,'cash',6.17),(2764,'card',4.41),(2765,'cash',8.77),(2766,'cash',3.74),(2767,'cash',8.23),(2768,'cash',7.22),(2769,'cash',3.08),(2770,'card',6.11),(2771,'cash',6.06),(2772,'cash',6.81),(2773,'card',3.48),(2774,'card',5.32),(2775,'cash',7.13),(2776,'card',5.13),(2777,'card',1.37),(2778,'card',6.12),(2779,'cash',2.26),(2780,'cash',5),(2781,'card',6.95),(2782,'cash',6.87),(2783,'card',7.23),(2784,'cash',1.45),(2785,'cash',3.65),(2786,'card',4.44),(2787,'card',2.83),(2788,'card',3.2),(2789,'cash',4.85),(2790,'cash',3.8),(2791,'cash',7.54),(2792,'card',1.21),(2793,'cash',5.06),(2794,'card',1.61),(2795,'card',2.3),(2796,'card',2.17),(2797,'card',9.4),(2798,'cash',4.9),(2799,'card',9.71),(2800,'card',1.46),(2801,'card',9.92),(2802,'cash',1.75),(2803,'card',3.71),(2804,'card',2.55),(2805,'card',9.11),(2806,'card',4.24),(2807,'cash',8.72),(2808,'cash',8.48),(2809,'cash',2.83),(2810,'cash',3.23),(2811,'card',5.16),(2812,'cash',2.8),(2813,'cash',9.93),(2814,'cash',1.58),(2815,'cash',4.01),(2816,'card',9.36),(2817,'card',4.19),(2818,'cash',3.26),(2819,'cash',3.79),(2820,'cash',9),(2821,'cash',8.56),(2822,'card',3.81),(2823,'card',1.42),(2824,'card',9.9),(2825,'card',5.54),(2826,'card',3.27),(2827,'card',4.75),(2828,'cash',1.98),(2829,'cash',1.68),(2830,'cash',8.56),(2831,'cash',2.76),(2832,'cash',6.54),(2833,'cash',5.94),(2834,'cash',3.15),(2835,'card',6.76),(2836,'card',9.69),(2837,'card',9.03),(2838,'card',6.28),(2839,'cash',4.74),(2840,'card',6.75),(2841,'cash',9.54),(2842,'card',8.84),(2843,'card',2.2),(2844,'card',5.39),(2845,'cash',2.98),(2846,'cash',6.47),(2847,'cash',5.26),(2848,'card',4.73),(2849,'cash',6.99),(2850,'cash',6.55),(2851,'cash',1.8),(2852,'cash',4.07),(2853,'card',7.3),(2854,'cash',8.2),(2855,'cash',6.98),(2856,'card',5.37),(2857,'cash',7.48),(2858,'cash',6.64),(2859,'cash',1.57),(2860,'cash',2.2),(2861,'card',7.95),(2862,'cash',9.23),(2863,'card',5.28),(2864,'cash',3.43),(2865,'cash',4.99),(2866,'card',1.81),(2867,'card',3.92),(2868,'cash',1.13),(2869,'card',5.7),(2870,'card',3.37),(2871,'cash',7.79),(2872,'cash',8.28),(2873,'cash',1.42),(2874,'card',2.95),(2875,'card',6.81),(2876,'cash',6.88),(2877,'card',9.57),(2878,'card',5.91),(2879,'cash',1.35),(2880,'card',1.45),(2881,'card',7.83),(2882,'card',5.7),(2883,'cash',9.37),(2884,'card',7.36),(2885,'card',5.32),(2886,'card',8.75),(2887,'cash',7.65),(2888,'cash',4.86),(2889,'card',7.77),(2890,'card',1.82),(2891,'card',5.43),(2892,'cash',1.07),(2893,'card',4.16),(2894,'cash',9.05),(2895,'card',4.8),(2896,'card',5.86),(2897,'cash',4.72),(2898,'cash',8.69),(2899,'cash',7.4),(2900,'card',2.76),(2901,'card',5.16),(2902,'card',3.73),(2903,'card',8),(2904,'card',6.83),(2905,'card',5.61),(2906,'cash',4.45),(2907,'card',4.14),(2908,'cash',4.39),(2909,'card',7.07),(2910,'cash',4.74),(2911,'cash',4.55),(2912,'card',9.5),(2913,'card',8.43),(2914,'card',7.97),(2915,'card',9.76),(2916,'card',1.38),(2917,'cash',7.73),(2918,'card',2.01),(2919,'cash',9.46),(2920,'card',6.46),(2921,'cash',7.55),(2922,'card',3.96),(2923,'cash',7.93),(2924,'cash',4.78),(2925,'card',3.7),(2926,'cash',5.04),(2927,'card',2.58),(2928,'card',1.3),(2929,'card',2.26),(2930,'card',7.01),(2931,'card',1.36),(2932,'cash',7.17),(2933,'card',7.72),(2934,'cash',6.62),(2935,'card',5.76),(2936,'cash',3.24),(2937,'card',4.18),(2938,'cash',2.27),(2939,'card',5.18),(2940,'cash',5.07),(2941,'cash',6.55),(2942,'card',4.44),(2943,'card',8.21),(2944,'cash',5.2),(2945,'card',2.4),(2946,'card',4.43),(2947,'card',4.01),(2948,'card',7.97),(2949,'cash',9.79),(2950,'cash',2.89),(2951,'cash',9.07),(2952,'card',6.78),(2953,'card',3.82),(2954,'card',5.06),(2955,'card',2.84),(2956,'card',3.79),(2957,'card',5.63),(2958,'cash',5.14),(2959,'cash',8.45),(2960,'card',3.09),(2961,'card',1.92),(2962,'cash',1.22),(2963,'cash',3.76),(2964,'cash',7.73),(2965,'card',9.09),(2966,'card',1.25),(2967,'card',7.76),(2968,'cash',1.63),(2969,'cash',4.06),(2970,'cash',5.92),(2971,'cash',7.77),(2972,'cash',1.2),(2973,'cash',5.35),(2974,'cash',3),(2975,'card',6.02),(2976,'cash',9.82),(2977,'cash',2.27),(2978,'cash',4.83),(2979,'cash',8.96),(2980,'cash',7),(2981,'cash',8.11),(2982,'card',1.53),(2983,'cash',5.02),(2984,'card',9.93),(2985,'card',5.81),(2986,'card',4.51),(2987,'cash',7.05),(2988,'card',6.98),(2989,'cash',8.65),(2990,'card',7.51),(2991,'cash',2.57),(2992,'cash',6.33),(2993,'cash',1.8),(2994,'card',2.62),(2995,'card',8.29),(2996,'cash',8.95),(2997,'cash',6.28),(2998,'cash',1.34),(2999,'card',1.61),(3000,'cash',4.84),(3001,'card',2.15),(3002,'cash',5.23),(3003,'card',6.14),(3004,'card',6.49),(3005,'cash',5.24),(3006,'card',7.92),(3007,'card',9.71),(3008,'card',1.75),(3009,'card',8.28),(3010,'cash',8.93),(3011,'card',9.8),(3012,'card',8.65),(3013,'card',9.41),(3014,'cash',5.85),(3015,'card',4.58),(3016,'card',1.17),(3017,'cash',4.25),(3018,'card',8.81),(3019,'card',5.99),(3020,'card',1.93),(3021,'cash',4.79),(3022,'cash',6.34),(3023,'cash',3.36),(3024,'card',4.38),(3025,'card',9.95),(3026,'card',1.02),(3027,'card',4.69),(3028,'card',2.42),(3029,'card',7.45),(3030,'cash',9.43),(3031,'cash',1.28),(3032,'card',2.89),(3033,'card',2.5),(3034,'cash',1.05),(3035,'cash',3.23),(3036,'cash',2.93),(3037,'cash',9.06),(3038,'cash',2.98),(3039,'cash',5.84),(3040,'card',4.52),(3041,'cash',7.68),(3042,'cash',3.86),(3043,'card',9.83),(3044,'cash',7.08),(3045,'cash',4.54),(3046,'cash',8.76),(3047,'cash',7.51),(3048,'cash',2.1),(3049,'cash',8.8),(3050,'card',5.25),(3051,'cash',2.58),(3052,'card',7.41),(3053,'cash',6.65),(3054,'cash',9.89),(3055,'cash',2.34),(3056,'card',3.47),(3057,'cash',6.32),(3058,'cash',4.96),(3059,'card',5.84),(3060,'cash',9.88),(3061,'cash',1.84),(3062,'cash',9.98),(3063,'cash',9.52),(3064,'card',2.03),(3065,'card',9.47),(3066,'card',1.9),(3067,'cash',4.58),(3068,'cash',9.1),(3069,'card',5.44),(3070,'cash',7.81),(3071,'cash',1.88),(3072,'card',7),(3073,'card',8.97),(3074,'card',7.87),(3075,'card',7.84),(3076,'cash',9.11),(3077,'card',3.11),(3078,'card',4.39),(3079,'cash',1.54),(3080,'card',6.82),(3081,'card',1.88),(3082,'cash',3.26),(3083,'cash',2.56),(3084,'cash',1.78),(3085,'card',3.17),(3086,'cash',2.88),(3087,'cash',2.33),(3088,'card',5.26),(3089,'card',5.28),(3090,'cash',3.98),(3091,'cash',2.95),(3092,'card',4.85),(3093,'cash',6.73),(3094,'cash',2.16),(3095,'card',9.58),(3096,'card',3.71),(3097,'card',1.54),(3098,'card',8.22),(3099,'card',7.35),(3100,'card',3.69),(3101,'card',2.58),(3102,'cash',9.91),(3103,'card',5.35),(3104,'cash',7.11),(3105,'card',3.16),(3106,'card',8.75),(3107,'card',5.45),(3108,'card',4.89),(3109,'card',6.32),(3110,'card',5.25),(3111,'cash',7.17),(3112,'cash',3.09),(3113,'card',2.7),(3114,'cash',3.6),(3115,'cash',6.56),(3116,'card',2.97),(3117,'cash',1.6),(3118,'cash',5.93),(3119,'cash',9.13),(3120,'card',8.99),(3121,'cash',5.66),(3122,'cash',2.19),(3123,'card',6.52),(3124,'card',7.23),(3125,'cash',5.81),(3126,'cash',5.93),(3127,'card',7.49),(3128,'card',2.86),(3129,'card',7.45),(3130,'card',3.55),(3131,'card',7.97),(3132,'cash',5.25),(3133,'cash',6.47),(3134,'cash',7.01),(3135,'cash',5.72),(3136,'cash',2.34),(3137,'cash',9.54),(3138,'card',7.07),(3139,'cash',3.15),(3140,'cash',3.4),(3141,'card',1.72),(3142,'cash',1.23),(3143,'cash',4.58),(3144,'card',4.57),(3145,'card',5.37),(3146,'cash',1.7),(3147,'card',3.96),(3148,'cash',1.22),(3149,'cash',4.56),(3150,'card',2.1),(3151,'card',9.28),(3152,'cash',5.81),(3153,'cash',7.05),(3154,'cash',3.34),(3155,'cash',4.09),(3156,'cash',3.89),(3157,'card',8.5),(3158,'cash',5.02),(3159,'cash',8.54),(3160,'cash',3.44),(3161,'cash',7.75),(3162,'card',7.18),(3163,'card',7.91),(3164,'card',4.2),(3165,'card',6.13),(3166,'cash',3.45),(3167,'cash',6.06),(3168,'cash',3.58),(3169,'card',7.59),(3170,'card',6.05),(3171,'cash',9.63),(3172,'card',8.93),(3173,'card',2.4),(3174,'cash',6.07),(3175,'card',8.56),(3176,'card',8.94),(3177,'card',6.55),(3178,'cash',7.39),(3179,'cash',2.56),(3180,'card',5.89),(3181,'cash',6),(3182,'card',6.18),(3183,'cash',7.21),(3184,'card',5.82),(3185,'card',7.57),(3186,'card',8.33),(3187,'cash',7.45),(3188,'cash',4.6),(3189,'card',3.9),(3190,'card',8.15),(3191,'card',9.16),(3192,'cash',1.98),(3193,'card',7.23),(3194,'cash',2.72),(3195,'cash',4.28),(3196,'card',5.54),(3197,'cash',7.3),(3198,'cash',7.55),(3199,'cash',1.56),(3200,'card',9.69),(3201,'cash',6.7),(3202,'card',9.92),(3203,'card',4.1),(3204,'cash',8.66),(3205,'cash',4.95),(3206,'cash',9.7),(3207,'cash',4.74),(3208,'card',3.82),(3209,'cash',7.93),(3210,'card',1.36),(3211,'cash',2.4),(3212,'card',2.78),(3213,'cash',3.46),(3214,'card',4.42),(3215,'card',3.09),(3216,'card',8.21),(3217,'card',6.89),(3218,'cash',1.43),(3219,'cash',2.96),(3220,'card',4.15),(3221,'card',6.94),(3222,'card',5.36),(3223,'cash',7.46),(3224,'cash',9.62),(3225,'cash',8.58),(3226,'cash',5.51),(3227,'card',9.09),(3228,'card',4.86),(3229,'card',1.71),(3230,'cash',2.93),(3231,'card',1.24),(3232,'cash',3.36),(3233,'card',5.66),(3234,'card',6.75),(3235,'card',5.21),(3236,'card',7.26),(3237,'cash',9.97),(3238,'card',5.35),(3239,'cash',9.19),(3240,'cash',9.73),(3241,'card',7.53),(3242,'card',4.99),(3243,'cash',2.07),(3244,'card',3.69),(3245,'cash',5.41),(3246,'card',8.29),(3247,'cash',9.26),(3248,'card',1.89),(3249,'cash',1.55),(3250,'card',3.98),(3251,'card',8.96),(3252,'card',7.78),(3253,'cash',9.92),(3254,'cash',4.68),(3255,'cash',9.57),(3256,'card',1.16),(3257,'card',5.82),(3258,'card',9.14),(3259,'card',6.06),(3260,'cash',3.47),(3261,'cash',5.67),(3262,'cash',2.65),(3263,'cash',5.16),(3264,'card',4.16),(3265,'card',3.49),(3266,'card',4.46),(3267,'card',8.3),(3268,'cash',4.27),(3269,'cash',1.62),(3270,'card',9.08),(3271,'cash',5.3),(3272,'card',1.49),(3273,'cash',5.13),(3274,'card',6.49),(3275,'card',2),(3276,'cash',1.78),(3277,'card',1.4),(3278,'cash',9.82),(3279,'card',7.36),(3280,'card',3.08),(3281,'cash',8.78),(3282,'cash',7.8),(3283,'cash',9.56),(3284,'card',8.59),(3285,'card',8.31),(3286,'cash',2.32),(3287,'card',9.02),(3288,'cash',3.61),(3289,'card',2.62),(3290,'card',3),(3291,'card',7.53),(3292,'card',2.31),(3293,'card',6.96),(3294,'cash',1.07),(3295,'cash',4.45),(3296,'card',9.05),(3297,'cash',1.76),(3298,'card',5.72),(3299,'cash',3.48),(3300,'card',4.59),(3301,'cash',3.3),(3302,'card',1.02),(3303,'card',3.84),(3304,'card',7.76),(3305,'card',1.45),(3306,'cash',3.06),(3307,'cash',3.55),(3308,'card',8.19),(3309,'cash',5.46),(3310,'cash',9.75),(3311,'card',5.88),(3312,'card',1.85),(3313,'cash',3.68),(3314,'cash',1.13),(3315,'cash',5.66),(3316,'card',2.07),(3317,'cash',3.67),(3318,'card',4.71),(3319,'card',2.16),(3320,'cash',8.21),(3321,'cash',7.79),(3322,'card',9.64),(3323,'cash',2.18),(3324,'cash',3.83),(3325,'cash',8.52),(3326,'card',1.58),(3327,'cash',1.45),(3328,'card',6.75),(3329,'cash',7.46),(3330,'card',7.1),(3331,'cash',1.19),(3332,'card',6.69),(3333,'card',4.02),(3334,'card',1.58),(3335,'cash',1.94),(3336,'cash',2.54),(3337,'card',8.61),(3338,'card',1.67),(3339,'card',2.33),(3340,'cash',6.27),(3341,'cash',8.97),(3342,'card',1.23),(3343,'cash',8.25),(3344,'card',5.62),(3345,'cash',7.09),(3346,'cash',5.75),(3347,'card',4.32),(3348,'card',2.42),(3349,'cash',1.91),(3350,'card',9.13),(3351,'card',2.69),(3352,'card',3.73),(3353,'cash',2.32),(3354,'card',7.15),(3355,'cash',8.92),(3356,'card',4.15),(3357,'cash',2.28),(3358,'cash',7.4),(3359,'cash',2.93),(3360,'card',5.25),(3361,'cash',7.53),(3362,'cash',7.85),(3363,'cash',2.94),(3364,'cash',9.73),(3365,'cash',8.59),(3366,'cash',7.03),(3367,'cash',7.43),(3368,'cash',5.44),(3369,'card',7.57),(3370,'card',7.16),(3371,'cash',4.96),(3372,'card',2.46),(3373,'cash',2.48),(3374,'cash',6.38),(3375,'card',4.27),(3376,'card',9.92),(3377,'cash',8.17),(3378,'card',2.58),(3379,'cash',8.13),(3380,'card',6.67),(3381,'cash',6.26),(3382,'cash',8.95),(3383,'cash',8.5),(3384,'cash',6.26),(3385,'card',1.91),(3386,'card',2.47),(3387,'cash',2.43),(3388,'card',6.74),(3389,'cash',1.35),(3390,'card',3.56),(3391,'cash',2.61),(3392,'cash',2.42),(3393,'card',7.37),(3394,'card',4.35),(3395,'card',5.61),(3396,'card',3.1),(3397,'cash',9.15),(3398,'card',7.69),(3399,'card',6.87),(3400,'cash',5.66),(3401,'cash',3.17),(3402,'cash',9.5),(3403,'cash',8.66),(3404,'card',3.33),(3405,'card',3.92),(3406,'cash',9.48),(3407,'cash',7.57),(3408,'cash',3.69),(3409,'cash',2.17),(3410,'card',1.19),(3411,'cash',1.34),(3412,'card',7.06),(3413,'cash',4.48),(3414,'cash',7.01),(3415,'cash',4.73),(3416,'cash',2.16),(3417,'cash',9.37),(3418,'card',8.16),(3419,'cash',2.72),(3420,'cash',9.78),(3421,'card',5.4),(3422,'card',1.63),(3423,'card',5.9),(3424,'card',9.94),(3425,'card',9.35),(3426,'card',2.23),(3427,'card',6.58),(3428,'cash',5.89),(3429,'cash',3.25),(3430,'cash',6.02),(3431,'card',3.92),(3432,'cash',6.49),(3433,'cash',8.85),(3434,'card',6.67),(3435,'cash',7.58),(3436,'card',5.93),(3437,'card',5.22),(3438,'cash',8.81),(3439,'cash',7.74),(3440,'card',5.41),(3441,'cash',1.63),(3442,'cash',8.34),(3443,'cash',4.45),(3444,'card',5.42),(3445,'card',9.62),(3446,'cash',7.36),(3447,'card',8.4),(3448,'card',5.55),(3449,'cash',5.94),(3450,'card',6.2),(3451,'cash',4.3),(3452,'cash',1.14),(3453,'card',4.44),(3454,'cash',4.74),(3455,'cash',4.3),(3456,'cash',4.22),(3457,'cash',6.32),(3458,'card',5.03),(3459,'cash',9.15),(3460,'cash',4.39),(3461,'card',6.06),(3462,'card',3.28),(3463,'cash',4.59),(3464,'card',1.32),(3465,'card',1.07),(3466,'card',7.51),(3467,'cash',9.89),(3468,'cash',2.81),(3469,'cash',3),(3470,'card',4.54),(3471,'card',3.22),(3472,'cash',6.49),(3473,'card',3),(3474,'card',7.97),(3475,'cash',4.58),(3476,'cash',6.38),(3477,'cash',4.36),(3478,'cash',6.94),(3479,'card',8.59),(3480,'cash',3.46),(3481,'cash',6.56),(3482,'card',4.26),(3483,'card',7.23),(3484,'card',7.01),(3485,'card',2.38),(3486,'card',1.81),(3487,'cash',2.99),(3488,'card',6.44),(3489,'card',2.15),(3490,'cash',7.05),(3491,'cash',9.91),(3492,'cash',8.2),(3493,'card',5.07),(3494,'cash',9.66),(3495,'cash',6.02),(3496,'card',6.13),(3497,'card',6.31),(3498,'card',6.85),(3499,'card',9.09),(3500,'card',6.56),(3501,'card',5.39),(3502,'cash',8.44),(3503,'cash',2.26),(3504,'cash',4.1),(3505,'cash',1.17),(3506,'cash',9.31),(3507,'cash',1.59),(3508,'card',6.06),(3509,'card',8.14),(3510,'card',8.77),(3511,'card',1.11),(3512,'card',9.37),(3513,'card',4.5),(3514,'card',1.88),(3515,'card',9.72),(3516,'cash',5.33),(3517,'cash',6.39),(3518,'cash',9.1),(3519,'card',8.98),(3520,'cash',6.09),(3521,'cash',4.45),(3522,'card',7.06),(3523,'card',3.37),(3524,'cash',9.88),(3525,'card',5.28),(3526,'cash',9.56),(3527,'cash',8.51),(3528,'card',7.25),(3529,'cash',8.54),(3530,'card',6.17),(3531,'card',6.34),(3532,'card',6.5),(3533,'cash',2.56),(3534,'cash',9.97),(3535,'card',6.15),(3536,'card',3.42),(3537,'cash',5.45),(3538,'card',3.75),(3539,'card',8.08),(3540,'cash',7.05),(3541,'cash',4.71),(3542,'card',5.74),(3543,'card',9.88),(3544,'card',2.94),(3545,'cash',9.4),(3546,'card',5.05),(3547,'cash',7.9),(3548,'card',4.69),(3549,'card',2.11),(3550,'cash',7.63),(3551,'cash',6.13),(3552,'cash',1.13),(3553,'cash',7.41),(3554,'card',5.15),(3555,'cash',7.52),(3556,'card',7.26),(3557,'card',4.97),(3558,'cash',5.55),(3559,'cash',8),(3560,'cash',8.69),(3561,'card',6.23),(3562,'cash',7.03),(3563,'cash',1.26),(3564,'cash',3.02),(3565,'card',1.33),(3566,'cash',4.02),(3567,'cash',8.86),(3568,'card',8.72),(3569,'cash',3.59),(3570,'card',9.84),(3571,'cash',8.34),(3572,'cash',8.33),(3573,'cash',2.51),(3574,'cash',1.07),(3575,'card',9.98),(3576,'card',6.61),(3577,'card',8.31),(3578,'card',9.46),(3579,'card',1.94),(3580,'card',3.92),(3581,'card',4.29),(3582,'card',2.64),(3583,'card',1.1),(3584,'cash',9.56),(3585,'cash',5.01),(3586,'cash',5.63),(3587,'cash',8.77),(3588,'card',6.37),(3589,'card',6.44),(3590,'cash',6.45),(3591,'card',4.26),(3592,'cash',2.8),(3593,'card',4.74),(3594,'card',7.02),(3595,'cash',4.97),(3596,'card',5.88),(3597,'card',1.07),(3598,'card',9.13),(3599,'cash',3.11),(3600,'card',2.64),(3601,'card',7.11),(3602,'card',2.53),(3603,'cash',4.62),(3604,'cash',6.41),(3605,'cash',9.46),(3606,'card',9.92),(3607,'cash',3.79),(3608,'cash',6.09),(3609,'card',9.69),(3610,'card',8.24),(3611,'cash',1.16),(3612,'card',8.71),(3613,'card',3.54),(3614,'card',3.15),(3615,'cash',1.15),(3616,'card',6.17),(3617,'cash',6.67),(3618,'card',5.71),(3619,'cash',7.67),(3620,'card',5.59),(3621,'card',2.84),(3622,'card',3.61),(3623,'cash',7.44),(3624,'cash',4.99),(3625,'card',2.75),(3626,'card',4.91),(3627,'card',6.49),(3628,'cash',2.49),(3629,'cash',5.33),(3630,'card',6.94),(3631,'cash',5.66),(3632,'cash',4.26),(3633,'cash',2.97),(3634,'card',6.58),(3635,'card',4.93),(3636,'card',4.69),(3637,'cash',1.4),(3638,'card',3.8),(3639,'cash',2.55),(3640,'card',3.11),(3641,'cash',6.32),(3642,'cash',3.33),(3643,'cash',6.42),(3644,'card',6.02),(3645,'cash',7.49),(3646,'card',9.64),(3647,'cash',3.9),(3648,'card',2.07),(3649,'card',6.81),(3650,'cash',2.71),(3651,'cash',5.86),(3652,'card',7.96),(3653,'cash',5.98),(3654,'card',8.58),(3655,'card',9.01),(3656,'card',2.64),(3657,'cash',9.87),(3658,'cash',3),(3659,'card',1.23),(3660,'card',2.88),(3661,'cash',6.92),(3662,'cash',3.77),(3663,'cash',4.89),(3664,'card',8.11),(3665,'card',8.66),(3666,'card',7.3),(3667,'cash',3),(3668,'cash',2.6),(3669,'cash',9.12),(3670,'cash',5.76),(3671,'cash',2.03),(3672,'cash',8.85),(3673,'cash',5.1),(3674,'card',8.09),(3675,'card',2.04),(3676,'card',9.13),(3677,'card',9.06),(3678,'card',4.55),(3679,'card',7.16),(3680,'cash',7.04),(3681,'cash',5.08),(3682,'card',9.59),(3683,'card',3.23),(3684,'cash',8.96),(3685,'card',3.9),(3686,'cash',6.06),(3687,'cash',4.76),(3688,'card',2.71),(3689,'card',5.11),(3690,'card',1.44),(3691,'cash',6.33),(3692,'card',9.97),(3693,'card',4.25),(3694,'card',9.22),(3695,'card',9.86),(3696,'cash',5.87),(3697,'card',9.17),(3698,'cash',6.6),(3699,'cash',1),(3700,'card',1.55),(3701,'cash',9.71),(3702,'card',1.73),(3703,'card',2.71),(3704,'card',3.96),(3705,'cash',4.79),(3706,'cash',8.57),(3707,'card',9.82),(3708,'card',1.7),(3709,'cash',2.98),(3710,'cash',4.44),(3711,'cash',9.5),(3712,'card',6.91),(3713,'cash',8.02),(3714,'cash',2.8),(3715,'card',3.06),(3716,'cash',5.73),(3717,'card',7.84),(3718,'cash',7.75),(3719,'cash',2.79),(3720,'cash',7.5),(3721,'cash',1.98),(3722,'cash',4.06),(3723,'cash',4.33),(3724,'cash',4.11),(3725,'card',5.4),(3726,'card',9.39),(3727,'cash',2.83),(3728,'cash',2.61),(3729,'card',9.02),(3730,'card',3.7),(3731,'card',8.07),(3732,'cash',9.11),(3733,'cash',2.04),(3734,'cash',4.35),(3735,'cash',7.78),(3736,'card',4.87),(3737,'cash',9.5),(3738,'card',1.46),(3739,'cash',4.86),(3740,'cash',6.51),(3741,'cash',7.36),(3742,'card',3.22),(3743,'card',7.42),(3744,'cash',8.92),(3745,'cash',8.06),(3746,'cash',7.76),(3747,'cash',1.15),(3748,'card',8.78),(3749,'cash',9.25),(3750,'cash',7.34),(3751,'card',3.89),(3752,'card',8.66),(3753,'cash',3.12),(3754,'card',7.22),(3755,'cash',9.45),(3756,'cash',5.01),(3757,'card',7.36),(3758,'card',9.98),(3759,'card',9.86),(3760,'cash',6.91),(3761,'card',3.63),(3762,'card',8.88),(3763,'card',2.3),(3764,'card',1.11),(3765,'card',8.1),(3766,'cash',2.03),(3767,'card',8.37),(3768,'card',1.02),(3769,'cash',4.12),(3770,'cash',3.41),(3771,'cash',2.6),(3772,'card',1.78),(3773,'card',8.51),(3774,'cash',4.75),(3775,'card',1.6),(3776,'cash',1.43),(3777,'cash',7.85),(3778,'card',5.65),(3779,'cash',5.14),(3780,'cash',6.41),(3781,'cash',5.73),(3782,'cash',7.36),(3783,'cash',2.37),(3784,'card',7.91),(3785,'cash',2.6),(3786,'card',3.69),(3787,'cash',8.66),(3788,'card',6.78),(3789,'card',8.2),(3790,'card',9.28),(3791,'card',9.64),(3792,'cash',3.88),(3793,'card',7.84),(3794,'cash',7.58),(3795,'card',4.81),(3796,'cash',6.82),(3797,'card',6.08),(3798,'card',1.24),(3799,'card',2.55),(3800,'cash',6.15),(3801,'card',5.9),(3802,'card',6.65),(3803,'card',8.24),(3804,'card',9.86),(3805,'cash',5.36),(3806,'card',9.53),(3807,'cash',4.29),(3808,'card',7.94),(3809,'cash',3.52),(3810,'cash',8.12),(3811,'cash',4.59),(3812,'card',5.3),(3813,'cash',3.05),(3814,'card',6.07),(3815,'cash',8.98),(3816,'card',4.2),(3817,'cash',9.94),(3818,'card',2.36),(3819,'cash',9.12),(3820,'card',4.88),(3821,'cash',4.06),(3822,'card',4.3),(3823,'cash',2.62),(3824,'cash',2.64),(3825,'cash',8.04),(3826,'cash',7.87),(3827,'card',8.91),(3828,'cash',3.46),(3829,'cash',4.4),(3830,'cash',9.65),(3831,'cash',6.71),(3832,'cash',3.31),(3833,'cash',3.13),(3834,'card',4.36),(3835,'card',9.41),(3836,'cash',6.51),(3837,'cash',8.23),(3838,'cash',8.06),(3839,'card',1.44),(3840,'card',2.88),(3841,'card',2.61),(3842,'cash',5.37),(3843,'card',1.48),(3844,'cash',9.65),(3845,'cash',4.64),(3846,'cash',3.4),(3847,'cash',1.21),(3848,'cash',1.12),(3849,'card',1.75),(3850,'card',6.81),(3851,'card',4.92),(3852,'card',9.93),(3853,'cash',1.93),(3854,'card',2.75),(3855,'cash',1.54),(3856,'card',7.33),(3857,'cash',9.36),(3858,'card',3.22),(3859,'card',5.7),(3860,'card',9.95),(3861,'cash',4.38),(3862,'card',5.1),(3863,'card',1.63),(3864,'card',3.69),(3865,'card',2.02),(3866,'card',1.13),(3867,'cash',8.05),(3868,'cash',4.4),(3869,'cash',7.79),(3870,'card',3.01),(3871,'card',5.26),(3872,'card',7.49),(3873,'cash',2.28),(3874,'cash',6.96),(3875,'card',5.36),(3876,'cash',3.74),(3877,'card',3.81),(3878,'card',2.9),(3879,'card',6.18),(3880,'card',7.09),(3881,'cash',1.31),(3882,'cash',9.23),(3883,'card',7.79),(3884,'cash',8.94),(3885,'card',8.91),(3886,'card',2.47),(3887,'card',3.09),(3888,'card',4.17),(3889,'card',1.56),(3890,'cash',1.82),(3891,'cash',7),(3892,'cash',2.59),(3893,'card',6.09),(3894,'card',4.77),(3895,'card',7.97),(3896,'cash',2.97),(3897,'card',3.9),(3898,'card',8.1),(3899,'cash',5.87),(3900,'cash',2.98),(3901,'cash',7.8),(3902,'card',7.76),(3903,'card',3.22),(3904,'card',5.53),(3905,'cash',9.76),(3906,'card',3.13),(3907,'card',6.21),(3908,'cash',1.75),(3909,'cash',9.58),(3910,'cash',7.04),(3911,'card',9.49),(3912,'cash',9.34),(3913,'card',5.98),(3914,'card',3.63),(3915,'card',2.23),(3916,'card',4.55),(3917,'cash',5.82),(3918,'card',9.48),(3919,'cash',7.42),(3920,'card',6.5),(3921,'cash',2.79),(3922,'cash',3.68),(3923,'card',8.22),(3924,'cash',1.3),(3925,'cash',5.39),(3926,'card',5.31),(3927,'card',7.83),(3928,'cash',9.09),(3929,'card',6.51),(3930,'cash',4.51),(3931,'cash',5.48),(3932,'card',4.56),(3933,'card',9.42),(3934,'card',3.11),(3935,'card',3.1),(3936,'card',6.63),(3937,'cash',1.22),(3938,'card',6.27),(3939,'cash',1.79),(3940,'card',8.11),(3941,'cash',4.12),(3942,'cash',1.7),(3943,'cash',9.59),(3944,'cash',5.8),(3945,'card',9.48),(3946,'card',9.45),(3947,'card',3.65),(3948,'card',6.81),(3949,'cash',2.78),(3950,'cash',3.99),(3951,'cash',1.71),(3952,'card',7.77),(3953,'card',9.37),(3954,'cash',1.45),(3955,'card',5.34),(3956,'card',5.1),(3957,'card',6.95),(3958,'cash',9.12),(3959,'cash',4.23),(3960,'card',5.68),(3961,'cash',7.4),(3962,'cash',4.35),(3963,'card',7.06),(3964,'card',4.21),(3965,'card',2.51),(3966,'card',4.14),(3967,'card',1.75),(3968,'cash',3.85),(3969,'card',3.9),(3970,'card',2.77),(3971,'card',1.57),(3972,'card',3.22),(3973,'cash',4.63),(3974,'cash',9.47),(3975,'cash',8.42),(3976,'cash',9.74),(3977,'card',6.32),(3978,'cash',5.55),(3979,'card',4.18),(3980,'cash',2.57),(3981,'card',4.33),(3982,'cash',2.95),(3983,'card',4.92),(3984,'cash',7.4),(3985,'cash',2.34),(3986,'cash',2.18),(3987,'card',1.79),(3988,'cash',8.26),(3989,'cash',7.27),(3990,'card',5.91),(3991,'cash',9.47),(3992,'card',5.17),(3993,'card',4.22),(3994,'card',4.91),(3995,'card',3.7),(3996,'cash',8.25),(3997,'cash',9.08),(3998,'cash',8.91),(3999,'cash',2.89),(4000,'card',8.8),(4001,'card',2.69),(4002,'cash',4.28),(4003,'card',9.68),(4004,'cash',2.43),(4005,'card',7.25),(4006,'cash',5.11),(4007,'card',4.07),(4008,'card',4.12),(4009,'cash',6.31),(4010,'cash',8.06),(4011,'cash',5.71),(4012,'card',2.23),(4013,'card',8.63),(4014,'cash',1.83),(4015,'card',5.51),(4016,'cash',7.17),(4017,'cash',4.95),(4018,'card',1.61),(4019,'cash',3.78),(4020,'card',6.22),(4021,'card',1.77),(4022,'cash',6.76),(4023,'cash',2.33),(4024,'card',5.5),(4025,'card',6.68),(4026,'card',3.66),(4027,'cash',4.19),(4028,'cash',3.71),(4029,'cash',2.21),(4030,'cash',4.37),(4031,'card',4.66),(4032,'cash',7.39),(4033,'card',5.6),(4034,'cash',7.8),(4035,'cash',3.35),(4036,'card',6.29),(4037,'card',9.31),(4038,'card',6.93),(4039,'cash',5.79),(4040,'card',6.57),(4041,'cash',4.23),(4042,'cash',9.78),(4043,'cash',1.34),(4044,'card',5.46),(4045,'cash',9.33),(4046,'card',2.12),(4047,'card',4.1),(4048,'card',9.42),(4049,'card',8.83),(4050,'cash',8.37),(4051,'cash',3.57),(4052,'cash',9.39),(4053,'card',1.07),(4054,'card',5.59),(4055,'cash',3.72),(4056,'card',3.53),(4057,'card',3.77),(4058,'card',9.4),(4059,'card',7.55),(4060,'cash',4.35),(4061,'card',5.97),(4062,'cash',2.73),(4063,'cash',7.79),(4064,'cash',2.21),(4065,'card',4.43),(4066,'cash',5.48),(4067,'card',5.41),(4068,'card',9.81),(4069,'card',4.34),(4070,'cash',5.62),(4071,'card',1.43),(4072,'cash',6.28),(4073,'cash',2.56),(4074,'cash',8.04),(4075,'card',3.82),(4076,'card',3.44),(4077,'cash',2.8),(4078,'cash',9.01),(4079,'card',7.51),(4080,'cash',5.44),(4081,'cash',3.3),(4082,'cash',9.61),(4083,'cash',7.23),(4084,'cash',9.94),(4085,'card',9.72),(4086,'cash',9.11),(4087,'cash',4.32),(4088,'cash',6.97),(4089,'cash',2.2),(4090,'card',5.88),(4091,'card',8.98),(4092,'card',8.69),(4093,'card',4.18),(4094,'cash',6.28),(4095,'card',5.79),(4096,'cash',5.72),(4097,'card',8.72),(4098,'card',1.02),(4099,'cash',2.38),(4100,'card',3.67),(4101,'cash',6.42),(4102,'card',3.63),(4103,'card',7.67),(4104,'card',1.31),(4105,'cash',4.96),(4106,'cash',9.98),(4107,'card',9.62),(4108,'cash',2.79),(4109,'cash',1.22),(4110,'cash',5.86),(4111,'card',9.72),(4112,'cash',3.56),(4113,'cash',6.49),(4114,'card',5.44),(4115,'card',1.9),(4116,'cash',7.91),(4117,'cash',1.06),(4118,'card',2.52),(4119,'cash',3.88),(4120,'card',9.54),(4121,'cash',2.02),(4122,'cash',7.1),(4123,'card',8.15),(4124,'card',9.5),(4125,'cash',7.07),(4126,'card',8.7),(4127,'cash',1.1),(4128,'card',8.54),(4129,'card',8.29),(4130,'card',6.52),(4131,'cash',3.48),(4132,'cash',5.78),(4133,'cash',3.59),(4134,'cash',5.76),(4135,'card',9.5),(4136,'cash',5.8),(4137,'card',7.73),(4138,'card',8.28),(4139,'card',2.96),(4140,'cash',3.22),(4141,'cash',9.11),(4142,'card',1.88),(4143,'cash',9),(4144,'cash',6.48),(4145,'cash',8.79),(4146,'card',5.38),(4147,'card',7.14),(4148,'cash',9.01),(4149,'cash',3.24),(4150,'cash',1.12),(4151,'cash',2.37),(4152,'cash',6.52),(4153,'card',5.29),(4154,'card',1.64),(4155,'card',9.72),(4156,'cash',5.64),(4157,'card',1.55),(4158,'card',6.39),(4159,'card',1.46),(4160,'card',6.38),(4161,'card',1.43),(4162,'cash',9.54),(4163,'cash',9.36),(4164,'cash',1.24),(4165,'card',8.4),(4166,'card',9.24),(4167,'cash',7.39),(4168,'cash',7.02),(4169,'card',2.45),(4170,'cash',4.87),(4171,'cash',9.09),(4172,'cash',5.99),(4173,'cash',8.6),(4174,'cash',6.67),(4175,'cash',3.56),(4176,'cash',7.64),(4177,'card',8.65),(4178,'cash',3.73),(4179,'cash',3.51),(4180,'card',1.3),(4181,'cash',9.55),(4182,'cash',4.46),(4183,'cash',8.46),(4184,'cash',7.7),(4185,'card',2.55),(4186,'cash',2.41),(4187,'cash',3.89),(4188,'cash',5.73),(4189,'card',5.91),(4190,'card',1.91),(4191,'card',4.07),(4192,'card',8.16),(4193,'card',8.5),(4194,'cash',2.6),(4195,'card',2.74),(4196,'card',3.15),(4197,'cash',8.82),(4198,'card',4.02),(4199,'card',8.46),(4200,'cash',5.13),(4201,'cash',9.97),(4202,'card',2.14),(4203,'cash',8.86),(4204,'card',9.04),(4205,'cash',2.43),(4206,'cash',4.9),(4207,'card',6.79),(4208,'card',2.8),(4209,'card',9.03),(4210,'card',2.87),(4211,'card',7.1),(4212,'card',2.97),(4213,'card',9.87),(4214,'cash',2.95),(4215,'cash',2.93),(4216,'card',7.48),(4217,'card',1.45),(4218,'card',3.36),(4219,'cash',4.63),(4220,'card',4.14),(4221,'card',9.58),(4222,'cash',6.77),(4223,'cash',7.98),(4224,'cash',5.31),(4225,'card',4.73),(4226,'card',5.82),(4227,'cash',1.59),(4228,'card',4.79),(4229,'card',2.73),(4230,'card',7.23),(4231,'cash',5),(4232,'cash',8.13),(4233,'card',3.26),(4234,'cash',9.34),(4235,'cash',1.31),(4236,'cash',6.57),(4237,'cash',2.52),(4238,'card',7.27),(4239,'card',6.98),(4240,'cash',4.84),(4241,'card',3.72),(4242,'card',2.5),(4243,'card',4.51),(4244,'cash',8.45),(4245,'cash',7.23),(4246,'cash',3.98),(4247,'cash',1.97),(4248,'cash',6.2),(4249,'cash',7.61),(4250,'card',8.33),(4251,'card',2.14),(4252,'cash',7.94),(4253,'cash',2.64),(4254,'cash',4.87),(4255,'cash',5.47),(4256,'card',1.34),(4257,'card',4.96),(4258,'card',2.23),(4259,'card',2.95),(4260,'cash',2.77),(4261,'card',6.69),(4262,'card',5.61),(4263,'cash',7.99),(4264,'card',2.25),(4265,'cash',1.4),(4266,'cash',6),(4267,'cash',8.51),(4268,'card',7.57),(4269,'cash',2.46),(4270,'cash',5.37),(4271,'cash',8.63),(4272,'cash',5.37),(4273,'cash',8.48),(4274,'card',3.6),(4275,'cash',1.27),(4276,'card',6.92),(4277,'cash',6.82),(4278,'card',8.78),(4279,'cash',8.22),(4280,'cash',9.59),(4281,'card',2.83),(4282,'card',5.07),(4283,'card',6.02),(4284,'cash',2.25),(4285,'cash',2.29),(4286,'cash',2.78),(4287,'cash',6.77),(4288,'cash',9.34),(4289,'cash',9.48),(4290,'cash',6.03),(4291,'cash',2.92),(4292,'cash',6.9),(4293,'cash',2.26),(4294,'card',2.81),(4295,'card',4.27),(4296,'card',3.09),(4297,'card',5.39),(4298,'card',7.95),(4299,'card',7.03),(4300,'card',6.49),(4301,'cash',6.22),(4302,'card',3.97),(4303,'cash',7.25),(4304,'cash',4.4),(4305,'cash',7.66),(4306,'cash',6.81),(4307,'card',2.61),(4308,'cash',1.07),(4309,'cash',5.88),(4310,'card',1.06),(4311,'card',1.95),(4312,'card',2.64),(4313,'card',6.35),(4314,'cash',3.34),(4315,'cash',5.55),(4316,'card',2.88),(4317,'cash',8.08),(4318,'card',5.01),(4319,'card',3.25),(4320,'card',6.16),(4321,'card',4.28),(4322,'card',7.39),(4323,'card',6.77),(4324,'card',6.47),(4325,'card',7.48),(4326,'cash',8.21),(4327,'cash',4.33),(4328,'card',2.8),(4329,'card',4.51),(4330,'card',1.76),(4331,'cash',1.52),(4332,'cash',1.74),(4333,'cash',1.28),(4334,'cash',6.1),(4335,'card',8.9),(4336,'card',1.86),(4337,'card',6),(4338,'cash',5.71),(4339,'cash',1.28),(4340,'cash',4.04),(4341,'cash',6.23),(4342,'cash',8.29),(4343,'card',7.65),(4344,'card',7.23),(4345,'card',2.78),(4346,'card',2.89),(4347,'card',5.86),(4348,'cash',2.22),(4349,'cash',1.88),(4350,'cash',8.01),(4351,'cash',1.83),(4352,'cash',9.46),(4353,'card',1.68),(4354,'cash',7.77),(4355,'card',5.68),(4356,'cash',2.12),(4357,'card',9.48),(4358,'card',5.58),(4359,'card',3.35),(4360,'card',8.56),(4361,'card',3.28),(4362,'cash',5.27),(4363,'cash',9.83),(4364,'cash',2.84),(4365,'cash',5.32),(4366,'cash',1.29),(4367,'cash',5.44),(4368,'cash',3.43),(4369,'cash',6.77),(4370,'card',7.93),(4371,'card',2.11),(4372,'card',4.45),(4373,'card',2.08),(4374,'cash',5.85),(4375,'cash',4.79),(4376,'card',8.45),(4377,'card',2.49),(4378,'cash',4.05),(4379,'cash',4.69),(4380,'cash',2.26),(4381,'cash',7.88),(4382,'cash',8.95),(4383,'card',8.36),(4384,'cash',8.75),(4385,'cash',1.51),(4386,'card',2.81),(4387,'cash',1.5),(4388,'cash',3.76),(4389,'cash',4.19),(4390,'cash',3.15),(4391,'card',5.45),(4392,'card',9.65),(4393,'card',3.62),(4394,'card',5.52),(4395,'cash',6.4),(4396,'cash',8.17),(4397,'card',6.16),(4398,'card',4.35),(4399,'card',6.26),(4400,'card',4.53),(4401,'cash',1.73),(4402,'card',1.37),(4403,'card',2.39),(4404,'cash',8.61),(4405,'card',9.35),(4406,'cash',6.37),(4407,'card',9.73),(4408,'cash',1.94),(4409,'cash',5.55),(4410,'card',7.63),(4411,'cash',3.97),(4412,'card',9.74),(4413,'card',3.89),(4414,'cash',8.67),(4415,'card',5.04),(4416,'cash',6.83),(4417,'cash',4.33),(4418,'card',9.45),(4419,'cash',2.18),(4420,'cash',9.64),(4421,'card',8.97),(4422,'cash',5.72),(4423,'cash',3.97),(4424,'cash',6.68),(4425,'cash',4.79),(4426,'card',9.61),(4427,'card',3.28),(4428,'card',6.38),(4429,'cash',3.08),(4430,'cash',7.82),(4431,'cash',9.38),(4432,'cash',7.36),(4433,'cash',5.36),(4434,'cash',6.68),(4435,'cash',7.55),(4436,'card',5.94),(4437,'cash',4.85),(4438,'card',4.42),(4439,'card',3.71),(4440,'cash',2.81),(4441,'card',5),(4442,'cash',3.09),(4443,'card',2.06),(4444,'cash',9.31),(4445,'cash',3.25),(4446,'card',4.42),(4447,'card',9.87),(4448,'card',5.49),(4449,'cash',9.01),(4450,'card',6.75),(4451,'card',1.6),(4452,'card',2.35),(4453,'cash',3.01),(4454,'card',8.18),(4455,'cash',1.09),(4456,'cash',5.45),(4457,'card',3.62),(4458,'card',9.11),(4459,'cash',7.39),(4460,'card',4.32),(4461,'card',8.69),(4462,'card',3.61),(4463,'cash',2.64),(4464,'cash',2.33),(4465,'cash',7.16),(4466,'cash',3.37),(4467,'card',5.24),(4468,'card',4.97),(4469,'cash',4.65),(4470,'card',6.38),(4471,'cash',8.45),(4472,'card',1.85),(4473,'card',3.24),(4474,'cash',8.94),(4475,'card',7.13),(4476,'cash',4.06),(4477,'card',7.34),(4478,'card',7.47),(4479,'cash',4.31),(4480,'card',3.36),(4481,'card',4.95),(4482,'card',5.48),(4483,'cash',3.81),(4484,'card',2.86),(4485,'cash',3.78),(4486,'cash',9.92),(4487,'card',2.85),(4488,'card',1.34),(4489,'cash',6.7),(4490,'card',9.59),(4491,'cash',3.95),(4492,'card',1.23),(4493,'card',4.42),(4494,'card',7.96),(4495,'card',4.59),(4496,'card',6.1),(4497,'cash',7.12),(4498,'card',7.98),(4499,'cash',2.32),(4500,'cash',1.67),(4501,'card',6.19),(4502,'card',2.78),(4503,'card',3.32),(4504,'cash',6.77),(4505,'card',7.61),(4506,'card',9.68),(4507,'cash',9),(4508,'cash',4.37),(4509,'card',5.54),(4510,'cash',2.31),(4511,'cash',6.44),(4512,'cash',6.46),(4513,'card',4.64),(4514,'cash',9.44),(4515,'card',5.12),(4516,'cash',2.91),(4517,'card',7.92),(4518,'card',3.72),(4519,'card',2.55),(4520,'card',8.86),(4521,'card',5.47),(4522,'cash',5.45),(4523,'card',2.01),(4524,'card',5.57),(4525,'card',7.18),(4526,'cash',8.48),(4527,'cash',3.29),(4528,'cash',1.44),(4529,'card',5.6),(4530,'cash',9.73),(4531,'card',2.19),(4532,'cash',3.91),(4533,'card',3.18),(4534,'cash',4.16),(4535,'card',4.34),(4536,'card',3.95),(4537,'card',6.15),(4538,'card',2.28),(4539,'cash',7.86),(4540,'cash',7.19),(4541,'card',6.79),(4542,'card',3.82),(4543,'cash',7.87),(4544,'card',6.37),(4545,'card',2.14),(4546,'cash',1.39),(4547,'cash',5.31),(4548,'card',7.62),(4549,'cash',5.01),(4550,'cash',1.94),(4551,'card',1.22),(4552,'card',1),(4553,'card',9.9),(4554,'card',2.93),(4555,'card',4.03),(4556,'cash',5.82),(4557,'card',3.06),(4558,'card',1.86),(4559,'card',6.83),(4560,'card',6.65),(4561,'card',1.23),(4562,'card',5.69),(4563,'cash',7.37),(4564,'cash',3.08),(4565,'card',6.68),(4566,'cash',8.1),(4567,'cash',7.88),(4568,'cash',3),(4569,'cash',6.34),(4570,'cash',9.75),(4571,'card',6.03),(4572,'card',5.06),(4573,'cash',3.03),(4574,'cash',7.67),(4575,'cash',1.83),(4576,'cash',6.19),(4577,'card',2.14),(4578,'card',1.36),(4579,'cash',7.65),(4580,'card',9.32),(4581,'card',6.71),(4582,'card',1.54),(4583,'cash',3.29),(4584,'cash',7.46),(4585,'card',9.78),(4586,'cash',5.45),(4587,'cash',2.49),(4588,'card',8.18),(4589,'cash',4.71),(4590,'card',3.24),(4591,'cash',5.77),(4592,'card',8.92),(4593,'cash',8.45),(4594,'card',5.84),(4595,'card',8.51),(4596,'card',9.44),(4597,'cash',1.19),(4598,'cash',8.76),(4599,'card',3.84),(4600,'cash',1.27),(4601,'card',8.05),(4602,'cash',2.6),(4603,'cash',7.33),(4604,'cash',8.85),(4605,'card',4.39),(4606,'cash',8.62),(4607,'card',8.21),(4608,'card',2.92),(4609,'card',1.68),(4610,'card',9.58),(4611,'cash',5.84),(4612,'card',2.03),(4613,'card',6.93),(4614,'cash',2.29),(4615,'card',8.32),(4616,'card',8.43),(4617,'cash',4.7),(4618,'card',5.6),(4619,'card',5.32),(4620,'cash',2.13),(4621,'card',9.36),(4622,'card',3.42),(4623,'cash',7.87),(4624,'cash',4.01),(4625,'card',3.01),(4626,'card',8.81),(4627,'cash',1.32),(4628,'cash',9.34),(4629,'cash',7.38),(4630,'cash',3.92),(4631,'card',3.68),(4632,'card',5.58),(4633,'card',3.78),(4634,'card',4.66),(4635,'cash',8.99),(4636,'cash',1.85),(4637,'cash',4.3),(4638,'card',7.17),(4639,'cash',6),(4640,'card',2.37),(4641,'card',2.76),(4642,'card',2.09),(4643,'cash',4.31),(4644,'cash',1.85),(4645,'card',9.97),(4646,'card',8.07),(4647,'card',5.36),(4648,'cash',6.92),(4649,'card',7.23),(4650,'cash',6.47),(4651,'cash',1.64),(4652,'card',3.29),(4653,'cash',1.92),(4654,'card',4.97),(4655,'card',6.16),(4656,'cash',4.23),(4657,'card',6.74),(4658,'card',6.61),(4659,'card',6.13),(4660,'cash',8.04),(4661,'card',9.36),(4662,'card',2.5),(4663,'cash',4.58),(4664,'card',4.58),(4665,'cash',7.45),(4666,'card',1.4),(4667,'cash',1.37),(4668,'cash',2.32),(4669,'card',3.08),(4670,'cash',7.96),(4671,'card',1.86),(4672,'cash',8.6),(4673,'card',1.73),(4674,'cash',4.73),(4675,'cash',6.68),(4676,'card',10),(4677,'cash',5.01),(4678,'card',9.14),(4679,'cash',5.35),(4680,'card',2.56),(4681,'card',9.78),(4682,'cash',4.83),(4683,'cash',8.03),(4684,'card',8.98),(4685,'cash',9.3),(4686,'card',8.43),(4687,'card',5.58),(4688,'cash',2.88),(4689,'cash',2),(4690,'card',4.53),(4691,'cash',3.94),(4692,'cash',4.38),(4693,'cash',4.89),(4694,'cash',2.55),(4695,'card',7.16),(4696,'card',5.85),(4697,'card',7.64),(4698,'card',8.24),(4699,'card',1.53),(4700,'cash',5.71),(4701,'cash',3.12),(4702,'card',9.46),(4703,'card',4.35),(4704,'cash',9.87),(4705,'card',8.42),(4706,'card',5.02),(4707,'cash',2.07),(4708,'cash',4.36),(4709,'card',1.1),(4710,'card',5.84),(4711,'cash',4.55),(4712,'card',6.11),(4713,'cash',1.03),(4714,'card',3.41),(4715,'cash',5.53),(4716,'cash',7.13),(4717,'cash',6.1),(4718,'cash',1.51),(4719,'card',9.32),(4720,'cash',7.16),(4721,'cash',7.67),(4722,'card',2.08),(4723,'cash',9.91),(4724,'card',6.51),(4725,'cash',3.19),(4726,'cash',1.94),(4727,'card',2.24),(4728,'card',6.13),(4729,'cash',6.83),(4730,'card',9.71),(4731,'cash',8.18),(4732,'card',4.55),(4733,'cash',3.02),(4734,'cash',8.93),(4735,'card',6.58),(4736,'card',8.54),(4737,'card',2.95),(4738,'card',2.17),(4739,'card',2.32),(4740,'cash',5.83),(4741,'cash',5.89),(4742,'cash',5.05),(4743,'cash',2.53),(4744,'card',1.96),(4745,'cash',3.75),(4746,'card',3.83),(4747,'card',5.51),(4748,'cash',7.82),(4749,'cash',3.69),(4750,'cash',2.88),(4751,'cash',2.77),(4752,'card',8.64),(4753,'card',3.36),(4754,'cash',5.09),(4755,'cash',7.39),(4756,'cash',2.17),(4757,'cash',6.45),(4758,'card',9.87),(4759,'cash',8.44),(4760,'card',8.5),(4761,'card',9.43),(4762,'card',6.89),(4763,'card',6.13),(4764,'card',8.08),(4765,'card',1.83),(4766,'card',6.19),(4767,'card',2.5),(4768,'cash',2.35),(4769,'card',4.53),(4770,'cash',2.14),(4771,'card',8.85),(4772,'cash',5.49),(4773,'cash',6.99),(4774,'cash',9.64),(4775,'card',2.84),(4776,'cash',1.77),(4777,'card',2.28),(4778,'cash',3.83),(4779,'card',3.9),(4780,'cash',7.54),(4781,'card',2.73),(4782,'card',1.19),(4783,'card',9.68),(4784,'cash',5.4),(4785,'card',7.16),(4786,'card',9.03),(4787,'card',9.64),(4788,'cash',5.18),(4789,'cash',3.13),(4790,'card',4.25),(4791,'cash',1.98),(4792,'cash',6.21),(4793,'card',5.55),(4794,'cash',2.57),(4795,'cash',7.97),(4796,'card',7.39),(4797,'cash',4.7),(4798,'card',7.98),(4799,'cash',3.62),(4800,'cash',8.44),(4801,'card',6.52),(4802,'cash',1.1),(4803,'cash',4.82),(4804,'card',8.73),(4805,'card',6.81),(4806,'card',3.78),(4807,'cash',7.66),(4808,'card',7.7),(4809,'card',7.99),(4810,'card',8.93),(4811,'card',9.25),(4812,'card',7.36),(4813,'card',9.78),(4814,'card',5.67),(4815,'cash',6.52),(4816,'card',6.39),(4817,'cash',3.94),(4818,'cash',7.92),(4819,'cash',7.1),(4820,'cash',5.88),(4821,'cash',2.35),(4822,'card',8.15),(4823,'cash',8.26),(4824,'cash',7.52),(4825,'cash',9.81),(4826,'cash',6.52),(4827,'cash',7.67),(4828,'cash',9.5),(4829,'card',3.39),(4830,'cash',7.88),(4831,'cash',5.86),(4832,'cash',8.67),(4833,'cash',1.01),(4834,'card',2.45),(4835,'card',7.66),(4836,'card',9.01),(4837,'card',2.68),(4838,'card',6.57),(4839,'cash',9.06),(4840,'cash',3.12),(4841,'cash',2.87),(4842,'card',5.55),(4843,'cash',6.1),(4844,'cash',2.75),(4845,'card',1.07),(4846,'cash',5.99),(4847,'cash',4.11),(4848,'cash',2.47),(4849,'card',7.34),(4850,'card',2.57),(4851,'card',8),(4852,'cash',5.16),(4853,'card',8.63),(4854,'cash',6.67),(4855,'cash',2),(4856,'cash',5.21),(4857,'cash',7.29),(4858,'card',4.75),(4859,'cash',3.41),(4860,'cash',1.84),(4861,'cash',9.04),(4862,'card',3.62),(4863,'cash',1.08),(4864,'cash',9.85),(4865,'cash',7.72),(4866,'cash',6.49),(4867,'card',1.08),(4868,'card',8.99),(4869,'cash',8.2),(4870,'card',7.59),(4871,'cash',8.76),(4872,'card',6.41),(4873,'cash',2.19),(4874,'card',7.11),(4875,'card',8.52),(4876,'cash',9.92),(4877,'cash',2.18),(4878,'cash',5.59),(4879,'cash',2.22),(4880,'cash',7.12),(4881,'card',7.08),(4882,'card',1.67),(4883,'card',7.86),(4884,'card',3.82),(4885,'cash',8.74),(4886,'cash',3.86),(4887,'cash',5.24),(4888,'card',1.69),(4889,'card',7.98),(4890,'cash',3.96),(4891,'card',7.01),(4892,'cash',5.41),(4893,'card',3.48),(4894,'cash',7.83),(4895,'cash',1.5),(4896,'cash',6.41),(4897,'card',6.16),(4898,'cash',5.27),(4899,'cash',3.4),(4900,'cash',7.24),(4901,'card',7.29),(4902,'card',3.87),(4903,'card',1.6),(4904,'cash',6.7),(4905,'card',3.73),(4906,'card',6.59),(4907,'card',7.05),(4908,'card',7.16),(4909,'cash',9.08),(4910,'card',8.64),(4911,'card',7.2),(4912,'card',3.77),(4913,'card',7.77),(4914,'card',8.32),(4915,'cash',8.61),(4916,'card',6.76),(4917,'card',2.47),(4918,'cash',9.82),(4919,'card',7.53),(4920,'card',6.34),(4921,'cash',3.53),(4922,'cash',2.03),(4923,'card',7.78),(4924,'card',1.69),(4925,'cash',1.13),(4926,'cash',6.26),(4927,'card',6.67),(4928,'cash',1.91),(4929,'cash',9.3),(4930,'cash',5.93),(4931,'cash',6.3),(4932,'card',5.02),(4933,'cash',5.97),(4934,'cash',7.98),(4935,'card',6.55),(4936,'cash',5.55),(4937,'cash',9.63),(4938,'card',3.99),(4939,'cash',4.67),(4940,'cash',6.43),(4941,'card',8.28),(4942,'cash',1.89),(4943,'card',1.54),(4944,'card',4.97),(4945,'card',6.9),(4946,'card',1.18),(4947,'cash',7.52),(4948,'card',7.92),(4949,'card',2.35),(4950,'cash',8.05),(4951,'cash',1.55),(4952,'card',5.23),(4953,'cash',3.83),(4954,'card',4.72),(4955,'cash',5.48),(4956,'card',8.84),(4957,'cash',3.41),(4958,'card',8.32),(4959,'cash',4.6),(4960,'card',7.63),(4961,'cash',3.84),(4962,'card',6.36),(4963,'card',6.74),(4964,'card',6.83),(4965,'card',9.58),(4966,'cash',7.85),(4967,'cash',1.89),(4968,'cash',1.68),(4969,'card',9.41),(4970,'card',8.24),(4971,'card',6.02),(4972,'cash',1.81),(4973,'cash',1.56),(4974,'card',9.91),(4975,'card',7.62),(4976,'cash',3.45),(4977,'card',2.25),(4978,'card',6.63),(4979,'card',4.63),(4980,'card',3.61),(4981,'card',3.68),(4982,'card',1.02),(4983,'card',3.15),(4984,'cash',9.31),(4985,'cash',2.12),(4986,'card',7.96),(4987,'cash',8.23),(4988,'card',1.9),(4989,'cash',2.79),(4990,'card',6.49),(4991,'cash',2.29),(4992,'cash',5.76),(4993,'cash',4.45),(4994,'card',8.7),(4995,'cash',1.69),(4996,'card',6.86),(4997,'card',3.22),(4998,'cash',8.88),(4999,'cash',9.82),(5000,'card',6.34),(5001,'card',5.06),(5002,'card',6.05),(5003,'card',9.79),(5004,'card',7.98),(5005,'cash',8.43),(5006,'cash',6.15),(5007,'card',4.97),(5008,'card',4.24),(5009,'card',7.39),(5010,'card',6.06),(5011,'cash',4.87),(5012,'card',8.24),(5013,'card',7.34),(5014,'cash',7.91),(5015,'card',4.37),(5016,'card',1.33),(5017,'cash',9.93),(5018,'card',1.39),(5019,'card',7.6),(5020,'card',1.84),(5021,'cash',4.02),(5022,'card',9.66),(5023,'card',7.24),(5024,'card',5.12),(5025,'cash',1.41),(5026,'card',9.21),(5027,'cash',2.29),(5028,'cash',2.81),(5029,'card',4.42),(5030,'cash',6.4),(5031,'card',5.39),(5032,'card',6.79),(5033,'card',9.86),(5034,'cash',1.69),(5035,'cash',7.66),(5036,'card',8.42),(5037,'cash',3.12),(5038,'card',7.87),(5039,'cash',8.55),(5040,'cash',6.25),(5041,'cash',1.45),(5042,'cash',2.21),(5043,'cash',9.33),(5044,'card',5.62),(5045,'card',4.95),(5046,'cash',2.13),(5047,'cash',5.84),(5048,'cash',1.32),(5049,'cash',1.55),(5050,'card',4.15),(5051,'card',2.19),(5052,'card',2.24),(5053,'card',8.13),(5054,'card',4.71),(5055,'cash',5.54),(5056,'cash',6.86),(5057,'cash',1.92),(5058,'cash',6.76),(5059,'cash',8.27),(5060,'card',2.9),(5061,'cash',7.6),(5062,'card',3.25),(5063,'card',9.39),(5064,'cash',5.19),(5065,'card',5.65),(5066,'cash',1.84),(5067,'card',6.2),(5068,'cash',4.27),(5069,'card',6.32),(5070,'card',3.35),(5071,'cash',8.62),(5072,'cash',4.73),(5073,'card',7.51),(5074,'card',7.58),(5075,'card',7.13),(5076,'card',8.18),(5077,'cash',1.43),(5078,'cash',6.77),(5079,'cash',9.33),(5080,'cash',1.25),(5081,'card',5.05),(5082,'card',1.81),(5083,'cash',8.28),(5084,'card',3.09),(5085,'cash',5.36),(5086,'cash',8),(5087,'cash',4.82),(5088,'cash',1.75),(5089,'card',8.69),(5090,'card',7.84),(5091,'card',2.78),(5092,'cash',6.28),(5093,'card',2.61),(5094,'card',7.54),(5095,'card',6.11),(5096,'cash',2.7),(5097,'cash',9.3),(5098,'cash',8.27),(5099,'card',4.68),(5100,'cash',9.32),(5101,'cash',7.45),(5102,'card',5.5),(5103,'card',4.52),(5104,'cash',1.58),(5105,'card',5.5),(5106,'cash',8.84),(5107,'card',3.33),(5108,'cash',4.76),(5109,'card',3.56),(5110,'card',8.24),(5111,'cash',2.68),(5112,'card',3.65),(5113,'cash',2.27),(5114,'card',5.3),(5115,'card',9.8),(5116,'cash',5.31),(5117,'card',9.36),(5118,'card',5.81),(5119,'card',9.84),(5120,'cash',6.93),(5121,'card',6.89),(5122,'card',4.96),(5123,'cash',6.38),(5124,'cash',8.85),(5125,'card',7.49),(5126,'card',9.64),(5127,'card',1.36),(5128,'cash',1.01),(5129,'cash',8.22),(5130,'card',6.66),(5131,'card',3.38),(5132,'card',8.22),(5133,'card',8.1),(5134,'cash',1.81),(5135,'cash',3.91),(5136,'card',3.06),(5137,'card',8.24),(5138,'card',8.15),(5139,'card',2.64),(5140,'cash',9.01),(5141,'card',4.1),(5142,'card',1.36),(5143,'cash',6.59),(5144,'card',3.07),(5145,'cash',6.83),(5146,'cash',3.81),(5147,'card',6.7),(5148,'cash',6.59),(5149,'cash',5.14),(5150,'card',5.31),(5151,'card',3.81),(5152,'card',3.02),(5153,'card',1.62),(5154,'cash',7.52),(5155,'cash',9.68),(5156,'cash',5.66),(5157,'cash',7.31),(5158,'card',3.01),(5159,'cash',1.48),(5160,'card',7.7),(5161,'cash',1.8),(5162,'cash',7.75),(5163,'cash',8.18),(5164,'cash',9.33),(5165,'card',3.05),(5166,'cash',7.99),(5167,'cash',5.51),(5168,'card',1.4),(5169,'card',3.64),(5170,'cash',4.89),(5171,'card',2.93),(5172,'card',6.7),(5173,'cash',8.51),(5174,'card',8.73),(5175,'cash',9.61),(5176,'cash',8.26),(5177,'card',6.23),(5178,'cash',7.34),(5179,'cash',7.79),(5180,'cash',7.37),(5181,'card',2.47),(5182,'card',4.75),(5183,'cash',4.21),(5184,'card',5.84),(5185,'cash',9.02),(5186,'card',5.35),(5187,'card',5.66),(5188,'cash',1.02),(5189,'cash',9.46),(5190,'cash',8.15),(5191,'card',2.11),(5192,'card',2.25),(5193,'cash',9.19),(5194,'cash',3.14),(5195,'cash',4.63),(5196,'cash',1.44),(5197,'card',4.64),(5198,'cash',1.12),(5199,'cash',8.39),(5200,'card',8.81),(5201,'cash',8.6),(5202,'card',1.51),(5203,'card',2.92),(5204,'card',7.15),(5205,'cash',3.91),(5206,'card',9.95),(5207,'cash',4.17),(5208,'cash',1.11),(5209,'card',4.32),(5210,'cash',1.15),(5211,'cash',2.48),(5212,'cash',9.05),(5213,'cash',6.98),(5214,'cash',9.45),(5215,'cash',5.13),(5216,'cash',5.33),(5217,'card',3.95),(5218,'card',3.18),(5219,'card',1.41),(5220,'card',3.63),(5221,'cash',8.43),(5222,'cash',6.07),(5223,'cash',2.52),(5224,'card',8.68),(5225,'card',1.61),(5226,'cash',4.34),(5227,'cash',6.55),(5228,'cash',3.51),(5229,'card',5.49),(5230,'card',5.82),(5231,'card',4.91),(5232,'cash',7.06),(5233,'card',6.29),(5234,'cash',2.01),(5235,'cash',9.96),(5236,'card',5.13),(5237,'card',6.57),(5238,'cash',1.4),(5239,'card',4.87),(5240,'card',5.64),(5241,'card',2.33),(5242,'card',7.5),(5243,'card',9.64),(5244,'cash',1.64),(5245,'cash',2.19),(5246,'card',9),(5247,'cash',6.71),(5248,'card',1.77),(5249,'cash',8.32),(5250,'card',5.23),(5251,'cash',5.53),(5252,'cash',3.76),(5253,'card',7.16),(5254,'cash',4.31),(5255,'card',7.06),(5256,'cash',8.4),(5257,'card',4.88),(5258,'cash',7.56),(5259,'cash',8.38),(5260,'card',2.88),(5261,'card',6.97),(5262,'card',3.28),(5263,'card',8.21),(5264,'card',1.25),(5265,'cash',8.67),(5266,'card',1.01),(5267,'cash',7.9),(5268,'cash',1.18),(5269,'cash',6.79),(5270,'cash',9),(5271,'card',6.66),(5272,'cash',8.37),(5273,'cash',1.01),(5274,'card',3.89),(5275,'card',3.83),(5276,'cash',4.55),(5277,'card',1.38),(5278,'card',2.24),(5279,'card',9.69),(5280,'cash',6.81),(5281,'card',5.47),(5282,'cash',9.78),(5283,'card',9.33),(5284,'cash',9.66),(5285,'card',7.33),(5286,'card',4.95),(5287,'cash',6.6),(5288,'cash',3.71),(5289,'card',9.05),(5290,'card',1.8),(5291,'card',6.07),(5292,'cash',5.24),(5293,'card',1.93),(5294,'card',8.39),(5295,'card',2.74),(5296,'card',8.29),(5297,'cash',8.97),(5298,'card',9.85),(5299,'cash',5.58),(5300,'card',6.14),(5301,'card',4.23),(5302,'cash',1.87),(5303,'cash',6.59),(5304,'cash',1.63),(5305,'cash',7.35),(5306,'cash',7.07),(5307,'cash',6.78),(5308,'cash',6.62),(5309,'card',7.25),(5310,'card',1.9),(5311,'card',5.94),(5312,'cash',6.42),(5313,'cash',7.96),(5314,'card',5.27),(5315,'card',3.44),(5316,'cash',3.6),(5317,'cash',4.3),(5318,'cash',1.58),(5319,'card',6.72),(5320,'card',5.42),(5321,'card',6.42),(5322,'card',8.51),(5323,'cash',3.59),(5324,'card',4.9),(5325,'card',6.09),(5326,'card',7.54),(5327,'card',7.11),(5328,'card',7.2),(5329,'card',2.37),(5330,'cash',4.2),(5331,'cash',9.5),(5332,'cash',5.88),(5333,'cash',3.9),(5334,'cash',4.07),(5335,'cash',5.49),(5336,'cash',3.23),(5337,'card',1.19),(5338,'cash',3.25),(5339,'cash',7.42),(5340,'card',6.41),(5341,'card',3.12),(5342,'cash',1.59),(5343,'cash',3.72),(5344,'cash',9.14),(5345,'card',5.59),(5346,'card',8.18),(5347,'cash',4.19),(5348,'card',4.21),(5349,'card',2.41),(5350,'cash',8.57),(5351,'card',9.81),(5352,'card',1.8),(5353,'card',2.2),(5354,'cash',1.55),(5355,'cash',9.62),(5356,'cash',4.59),(5357,'card',6.83),(5358,'card',5.58),(5359,'card',1.62),(5360,'cash',9.66),(5361,'card',3.74),(5362,'cash',1.5),(5363,'card',2.72),(5364,'card',9.63),(5365,'cash',5.38),(5366,'card',6.13),(5367,'card',6.68),(5368,'card',1.15),(5369,'card',6.64),(5370,'card',8.1),(5371,'cash',2.41),(5372,'cash',3.07),(5373,'cash',3.94),(5374,'card',1.99),(5375,'card',9.72),(5376,'card',1.71),(5377,'cash',7.15),(5378,'cash',6.5),(5379,'card',3.38),(5380,'cash',2.23);
/*!40000 ALTER TABLE `payment` ENABLE KEYS */;
UNLOCK TABLES;

--
-- Table structure for table `person`
--

DROP TABLE IF EXISTS `person`;
/*!40101 SET @saved_cs_client     = @@character_set_client */;
/*!50503 SET character_set_client = utf8mb4 */;
CREATE TABLE `person` (
  `pid` varchar(4) NOT NULL,
  `fname` varchar(120) NOT NULL,
  `mname` varchar(120) DEFAULT NULL,
  `lname` varchar(120) NOT NULL,
  `address` varchar(300) NOT NULL,
  `gender` varchar(10) NOT NULL,
  `dob` date NOT NULL,
  PRIMARY KEY (`pid`),
  CONSTRAINT `GCHECK` CHECK ((`gender` in (_utf8mb4'M',_utf8mb4'F'))),
  CONSTRAINT `PIDCHECK` CHECK (regexp_like(`pid`,_utf8mb4'^[P][0-9]{3}$'))
) ENGINE=InnoDB DEFAULT CHARSET=utf8mb4 COLLATE=utf8mb4_0900_ai_ci;
/*!40101 SET character_set_client = @saved_cs_client */;

--
-- Dumping data for table `person`
--

LOCK TABLES `person` WRITE;
/*!40000 ALTER TABLE `person` DISABLE KEYS */;
INSERT INTO `person` VALUES ('P001','Michael','B','Scott','1234 Scranton Drive','M','1963-11-28'),('P002','Steve',NULL,'Carell','223 KSJ Circle','M','1974-07-03'),('P003','Emma','Watson','Patel','7864 Pass Rd','F','1965-05-14'),('P004','Daniel','Sam','Radcliffe','2131 Harry Rd','M','1986-05-01'),('P005','John','Jay','Doe','2182 Wax Drive','M','1961-08-18'),('P006','Rory','Gordy','Burns','4 Iowa Court','M','1985-09-06'),('P007','Ben','Orran','Stokes','12313 Valley Edge Street','M','1978-08-19'),('P008','Joe',NULL,'Root','37 Erie Parkway','M','1998-05-05'),('P009','James',NULL,'Anderson','840 Kings Court','M','1953-04-02'),('P010','Stuart',NULL,'Broad','2481 Lyons Circle','M','1974-08-08'),('P011','Chris','Titos','Woakes','8398 Oakridge Point','M','1959-01-04'),('P012','Moeen',NULL,'Ali','2 Stephen Hill','M','1977-04-14'),('P013','Emma','Berk','Stone','1018 Truax Parkway','F','1963-01-31'),('P014','Maria',NULL,'Sharapova','27 Dryden Center','F','1954-01-20'),('P015','Ailina','Gae','Worg','81 Drewry Pass','F','1999-11-04'),('P016','Sharity','Suzette','Shalloe','83798 Warrior Point','F','1999-01-24'),('P017','Darbee','Rudolfo','Ghost','29961 Brickson Park Court','M','1968-03-04'),('P018','Caralie','Norine','Keddy','618 Helena Drive','F','1963-07-26'),('P019','Evyn',NULL,'Heakins','851 Bluestem Pass','M','1974-09-09'),('P020','Eziechiele',NULL,'Loud','8 Little Fleur Hill','M','1974-06-07'),('P045','Cornelle','Bo','Ebbitt','9954 Carpenter Drive','F','1963-11-28'),('P111','Sampath','Raj','Shetty','9954 Vasai Drive','M','1994-11-28'),('P112','Shubham','Shyam','Vartak','9954 Rangoan Drive','M','1995-11-28'),('P113','Michael','Peter','Scott','9982 Trie Drive','M','1990-11-28'),('P114','Omkar','Dinesh','Poyekar','1129 Chembur Road','M','2004-04-29');
/*!40000 ALTER TABLE `person` ENABLE KEYS */;
UNLOCK TABLES;

--
-- Table structure for table `personphonenumber`
--

DROP TABLE IF EXISTS `personphonenumber`;
/*!40101 SET @saved_cs_client     = @@character_set_client */;
/*!50503 SET character_set_client = utf8mb4 */;
CREATE TABLE `personphonenumber` (
  `pid` varchar(4) NOT NULL,
  `phonenumber` int NOT NULL,
  PRIMARY KEY (`pid`,`phonenumber`),
  CONSTRAINT `personphonenumber_ibfk_1` FOREIGN KEY (`pid`) REFERENCES `person` (`pid`),
  CONSTRAINT `personphonenumber_chk_1` CHECK ((`phonenumber` between 100000000 and 9999999999))
) ENGINE=InnoDB DEFAULT CHARSET=utf8mb4 COLLATE=utf8mb4_0900_ai_ci;
/*!40101 SET character_set_client = @saved_cs_client */;

--
-- Dumping data for table `personphonenumber`
--

LOCK TABLES `personphonenumber` WRITE;
/*!40000 ALTER TABLE `personphonenumber` DISABLE KEYS */;
INSERT INTO `personphonenumber` VALUES ('P112',1231231231),('P112',1234123412);
/*!40000 ALTER TABLE `personphonenumber` ENABLE KEYS */;
UNLOCK TABLES;

--
-- Temporary view structure for view `popular_bus`
--

DROP TABLE IF EXISTS `popular_bus`;
/*!50001 DROP VIEW IF EXISTS `popular_bus`*/;
SET @saved_cs_client     = @@character_set_client;
/*!50503 SET character_set_client = utf8mb4 */;
/*!50001 CREATE VIEW `popular_bus` AS SELECT 
 1 AS `busno`,
 1 AS `licno`,
 1 AS `noofseats`,
 1 AS `ttid`,
 1 AS `routeid`,
 1 AS `eid`*/;
SET character_set_client = @saved_cs_client;

--
-- Temporary view structure for view `potential_astar_passenger`
--

DROP TABLE IF EXISTS `potential_astar_passenger`;
/*!50001 DROP VIEW IF EXISTS `potential_astar_passenger`*/;
SET @saved_cs_client     = @@character_set_client;
/*!50503 SET character_set_client = utf8mb4 */;
/*!50001 CREATE VIEW `potential_astar_passenger` AS SELECT 
 1 AS `fname`,
 1 AS `phonenumber`,
 1 AS `pid`*/;
SET character_set_client = @saved_cs_client;

--
-- Table structure for table `promotion`
--

DROP TABLE IF EXISTS `promotion`;
/*!40101 SET @saved_cs_client     = @@character_set_client */;
/*!50503 SET character_set_client = utf8mb4 */;
CREATE TABLE `promotion` (
  `promoid` int NOT NULL,
  `cardid` int NOT NULL,
  `description` varchar(60) DEFAULT NULL,
  `validity` date NOT NULL,
  PRIMARY KEY (`promoid`,`cardid`),
  KEY `cardid` (`cardid`),
  CONSTRAINT `promotion_ibfk_1` FOREIGN KEY (`cardid`) REFERENCES `travelcard` (`cardid`)
) ENGINE=InnoDB DEFAULT CHARSET=utf8mb4 COLLATE=utf8mb4_0900_ai_ci;
/*!40101 SET character_set_client = @saved_cs_client */;

--
-- Dumping data for table `promotion`
--

LOCK TABLES `promotion` WRITE;
/*!40000 ALTER TABLE `promotion` DISABLE KEYS */;
INSERT INTO `promotion` VALUES (123,1,'Free Ride','2021-12-31'),(234,3,'30% Off','2021-12-31'),(278,5,'Free Wifi','2021-12-31'),(299,6,'Free Fridge','2021-12-31'),(691,2,'20% Off','2021-12-31'),(901,4,'Free Fries','2021-12-31');
/*!40000 ALTER TABLE `promotion` ENABLE KEYS */;
UNLOCK TABLES;

--
-- Table structure for table `route`
--

DROP TABLE IF EXISTS `route`;
/*!40101 SET @saved_cs_client     = @@character_set_client */;
/*!50503 SET character_set_client = utf8mb4 */;
CREATE TABLE `route` (
  `routeid` int NOT NULL AUTO_INCREMENT,
  `routename` varchar(120) NOT NULL,
  PRIMARY KEY (`routeid`)
) ENGINE=InnoDB AUTO_INCREMENT=11 DEFAULT CHARSET=utf8mb4 COLLATE=utf8mb4_0900_ai_ci;
/*!40101 SET character_set_client = @saved_cs_client */;

--
-- Dumping data for table `route`
--

LOCK TABLES `route` WRITE;
/*!40000 ALTER TABLE `route` DISABLE KEYS */;
INSERT INTO `route` VALUES (1,'Meadow Ridge'),(2,'7th Roger Street'),(3,'Heath'),(4,'Merchant'),(5,'Meadow Vale'),(6,'Cherokee'),(7,'5th Frankford East'),(8,'Melrose'),(9,'Stoughton'),(10,'Cottonwood');
/*!40000 ALTER TABLE `route` ENABLE KEYS */;
UNLOCK TABLES;

--
-- Table structure for table `terminal`
--

DROP TABLE IF EXISTS `terminal`;
/*!40101 SET @saved_cs_client     = @@character_set_client */;
/*!50503 SET character_set_client = utf8mb4 */;
CREATE TABLE `terminal` (
  `terminalid` int NOT NULL AUTO_INCREMENT,
  `location` varchar(300) NOT NULL,
  `date` date NOT NULL,
  `time` time NOT NULL,
  `busno` int DEFAULT NULL,
  PRIMARY KEY (`terminalid`),
  KEY `terminal_ibfk_1` (`busno`),
  CONSTRAINT `terminal_ibfk_1` FOREIGN KEY (`busno`) REFERENCES `bus` (`busno`)
) ENGINE=InnoDB AUTO_INCREMENT=5 DEFAULT CHARSET=utf8mb4 COLLATE=utf8mb4_0900_ai_ci;
/*!40101 SET character_set_client = @saved_cs_client */;

--
-- Dumping data for table `terminal`
--

LOCK TABLES `terminal` WRITE;
/*!40000 ALTER TABLE `terminal` DISABLE KEYS */;
INSERT INTO `terminal` VALUES (1,'Dallas','2021-02-12','11:55:00',1001),(2,'Plano','2021-02-12','12:20:00',1002),(3,'Frisco','2021-02-12','07:23:00',1003),(4,'Irving','2021-02-12','08:44:00',1004);
/*!40000 ALTER TABLE `terminal` ENABLE KEYS */;
UNLOCK TABLES;

--
-- Table structure for table `ticket`
--

DROP TABLE IF EXISTS `ticket`;
/*!40101 SET @saved_cs_client     = @@character_set_client */;
/*!50503 SET character_set_client = utf8mb4 */;
CREATE TABLE `ticket` (
  `ticketid` int NOT NULL AUTO_INCREMENT,
  `busno` int NOT NULL,
  `seatno` int NOT NULL,
  `price` int NOT NULL,
  PRIMARY KEY (`ticketid`),
  KEY `busno_idx` (`busno`),
  CONSTRAINT `busno` FOREIGN KEY (`busno`) REFERENCES `bus` (`busno`)
) ENGINE=InnoDB AUTO_INCREMENT=15 DEFAULT CHARSET=utf8mb4 COLLATE=utf8mb4_0900_ai_ci;
/*!40101 SET character_set_client = @saved_cs_client */;

--
-- Dumping data for table `ticket`
--

LOCK TABLES `ticket` WRITE;
/*!40000 ALTER TABLE `ticket` DISABLE KEYS */;
INSERT INTO `ticket` VALUES (1,1001,1,125),(2,1001,2,125),(3,1001,3,125),(4,1001,4,125),(5,1001,5,125),(6,1009,1,150),(7,1007,1,999),(8,1007,1,999),(9,1007,2,999),(10,1007,3,999),(11,1007,4,999),(12,1007,5,999),(13,1007,6,125),(14,1007,7,125);
/*!40000 ALTER TABLE `ticket` ENABLE KEYS */;
UNLOCK TABLES;

--
-- Table structure for table `ticketsales`
--

DROP TABLE IF EXISTS `ticketsales`;
/*!40101 SET @saved_cs_client     = @@character_set_client */;
/*!50503 SET character_set_client = utf8mb4 */;
CREATE TABLE `ticketsales` (
  `paymentid` int NOT NULL,
  `ticketid` int NOT NULL,
  `eid` varchar(4) NOT NULL,
  `pid` varchar(4) NOT NULL,
  `bookingdate` date NOT NULL,
  PRIMARY KEY (`paymentid`,`ticketid`,`eid`,`pid`),
  KEY `ticketid` (`ticketid`),
  KEY `eid` (`eid`),
  KEY `pid` (`pid`),
  CONSTRAINT `ticketsales_ibfk_1` FOREIGN KEY (`ticketid`) REFERENCES `ticket` (`ticketid`),
  CONSTRAINT `ticketsales_ibfk_2` FOREIGN KEY (`paymentid`) REFERENCES `payment` (`paymentid`),
  CONSTRAINT `ticketsales_ibfk_3` FOREIGN KEY (`eid`) REFERENCES `employee` (`eid`),
  CONSTRAINT `ticketsales_ibfk_4` FOREIGN KEY (`pid`) REFERENCES `person` (`pid`)
) ENGINE=InnoDB DEFAULT CHARSET=utf8mb4 COLLATE=utf8mb4_0900_ai_ci;
/*!40101 SET character_set_client = @saved_cs_client */;

--
-- Dumping data for table `ticketsales`
--

LOCK TABLES `ticketsales` WRITE;
/*!40000 ALTER TABLE `ticketsales` DISABLE KEYS */;
INSERT INTO `ticketsales` VALUES (1,1,'P014','P001','2021-12-06'),(2,2,'P001','P001','2021-12-06'),(3,3,'P003','P001','2021-12-06'),(4,4,'P014','P001','2021-12-06'),(5,5,'P014','P001','2021-12-06'),(6,6,'P001','P001','2021-12-06'),(7,7,'P001','P001','2021-12-06'),(100,1,'P001','P111','2021-11-07'),(100,2,'P001','P111','2021-11-07'),(100,3,'P001','P111','2021-11-08'),(100,4,'P001','P111','2021-11-09'),(100,5,'P001','P111','2021-11-10'),(100,6,'P001','P111','2021-11-11'),(100,7,'P001','P111','2021-12-02'),(112,8,'P014','P112','2021-11-01'),(112,9,'P014','P112','2021-10-15'),(112,10,'P014','P112','2021-11-10'),(112,11,'P014','P112','2021-10-07'),(112,12,'P014','P112','2021-11-03'),(1000,13,'P014','P001','2021-12-06'),(1000,14,'P014','P001','2021-12-06');
/*!40000 ALTER TABLE `ticketsales` ENABLE KEYS */;
UNLOCK TABLES;

--
-- Table structure for table `timetable`
--

DROP TABLE IF EXISTS `timetable`;
/*!40101 SET @saved_cs_client     = @@character_set_client */;
/*!50503 SET character_set_client = utf8mb4 */;
CREATE TABLE `timetable` (
  `ttid` varchar(4) NOT NULL,
  `day` varchar(10) NOT NULL,
  `starttime` time NOT NULL,
  `endtime` time NOT NULL,
  `interval` int NOT NULL,
  PRIMARY KEY (`ttid`),
  CONSTRAINT `timetable_chk_1` CHECK (regexp_like(`ttid`,_utf8mb4'^(DT)?[0-9]{2}$')),
  CONSTRAINT `timetable_chk_2` CHECK ((`day` in (_utf8mb4'M',_utf8mb4'T',_utf8mb4'W',_utf8mb4'Th',_utf8mb4'F',_utf8mb4'Sat',_utf8mb4'Sun'))),
  CONSTRAINT `timetable_chk_3` CHECK ((`interval` in (15,20,30)))
) ENGINE=InnoDB DEFAULT CHARSET=utf8mb4 COLLATE=utf8mb4_0900_ai_ci;
/*!40101 SET character_set_client = @saved_cs_client */;

--
-- Dumping data for table `timetable`
--

LOCK TABLES `timetable` WRITE;
/*!40000 ALTER TABLE `timetable` DISABLE KEYS */;
INSERT INTO `timetable` VALUES ('DT00','W','10:00:00','22:00:00',20),('DT22','T','10:00:00','17:00:00',15),('DT28','Sun','08:00:00','21:00:00',20),('DT39','Th','08:00:00','17:00:00',20),('DT40','M','08:00:00','23:00:00',20),('DT45','F','06:00:00','17:00:00',15),('DT48','Th','07:00:00','17:00:00',20),('DT65','Sat','07:00:00','22:00:00',20),('DT84','W','08:00:00','23:00:00',15),('DT90','W','10:00:00','12:00:00',15),('DT93','M','07:00:00','17:00:00',30);
/*!40000 ALTER TABLE `timetable` ENABLE KEYS */;
UNLOCK TABLES;

--
-- Temporary view structure for view `top_astar_passenger`
--

DROP TABLE IF EXISTS `top_astar_passenger`;
/*!50001 DROP VIEW IF EXISTS `top_astar_passenger`*/;
SET @saved_cs_client     = @@character_set_client;
/*!50503 SET character_set_client = utf8mb4 */;
/*!50001 CREATE VIEW `top_astar_passenger` AS SELECT 
 1 AS `pid`,
 1 AS `fname`,
 1 AS `lname`,
 1 AS `date_of_issue`,
 1 AS `bookings`*/;
SET character_set_client = @saved_cs_client;

--
-- Temporary view structure for view `top_employee`
--

DROP TABLE IF EXISTS `top_employee`;
/*!50001 DROP VIEW IF EXISTS `top_employee`*/;
SET @saved_cs_client     = @@character_set_client;
/*!50503 SET character_set_client = utf8mb4 */;
/*!50001 CREATE VIEW `top_employee` AS SELECT 
 1 AS `pid`,
 1 AS `fname`,
 1 AS `mname`,
 1 AS `lname`,
 1 AS `address`,
 1 AS `gender`*/;
SET character_set_client = @saved_cs_client;

--
-- Table structure for table `travelcard`
--

DROP TABLE IF EXISTS `travelcard`;
/*!40101 SET @saved_cs_client     = @@character_set_client */;
/*!50503 SET character_set_client = utf8mb4 */;
CREATE TABLE `travelcard` (
  `cardid` int NOT NULL AUTO_INCREMENT,
  `pid` varchar(4) NOT NULL,
  `date_of_issue` date NOT NULL,
  `validity` date NOT NULL,
  PRIMARY KEY (`cardid`,`pid`),
  KEY `travelcard_ibfk_1` (`pid`),
  CONSTRAINT `travelcard_ibfk_1` FOREIGN KEY (`pid`) REFERENCES `astar_passenger` (`pid`)
) ENGINE=InnoDB AUTO_INCREMENT=17 DEFAULT CHARSET=utf8mb4 COLLATE=utf8mb4_0900_ai_ci;
/*!40101 SET character_set_client = @saved_cs_client */;

--
-- Dumping data for table `travelcard`
--

LOCK TABLES `travelcard` WRITE;
/*!40000 ALTER TABLE `travelcard` DISABLE KEYS */;
INSERT INTO `travelcard` VALUES (1,'P014','2012-08-17','2020-04-09'),(2,'P005','2013-01-24','2023-11-10'),(3,'P001','2016-04-16','2021-10-31'),(4,'P019','2016-02-17','2023-10-04'),(5,'P007','2012-05-09','2022-11-08'),(6,'P011','2011-08-12','2023-06-03'),(7,'P009','2019-03-13','2021-05-11'),(8,'P004','2013-03-13','2020-03-23'),(9,'P010','2019-09-30','2022-08-04'),(10,'P017','2013-02-03','2022-01-03'),(11,'P015','2013-07-08','2020-11-04'),(12,'P002','2012-11-25','2022-09-08'),(13,'P012','2017-06-24','2022-12-23'),(14,'P008','2015-10-26','2020-09-07'),(15,'P013','2013-07-28','2021-08-09'),(16,'P111','2021-12-03','2026-12-03');
/*!40000 ALTER TABLE `travelcard` ENABLE KEYS */;
UNLOCK TABLES;

--
-- Final view structure for view `popular_bus`
--

/*!50001 DROP VIEW IF EXISTS `popular_bus`*/;
/*!50001 SET @saved_cs_client          = @@character_set_client */;
/*!50001 SET @saved_cs_results         = @@character_set_results */;
/*!50001 SET @saved_col_connection     = @@collation_connection */;
/*!50001 SET character_set_client      = utf8mb4 */;
/*!50001 SET character_set_results     = utf8mb4 */;
/*!50001 SET collation_connection      = utf8mb4_0900_ai_ci */;
/*!50001 CREATE ALGORITHM=UNDEFINED */
/*!50013 DEFINER=`root`@`localhost` SQL SECURITY DEFINER */
/*!50001 VIEW `popular_bus` AS select `b`.`busno` AS `busno`,`b`.`licno` AS `licno`,`b`.`noofseats` AS `noofseats`,`b`.`ttid` AS `ttid`,`b`.`routeid` AS `routeid`,`b`.`eid` AS `eid` from ((`ticketsales` `ts` join `ticket` `t`) join `bus` `b`) where ((`ts`.`ticketid` = `t`.`ticketid`) and (`t`.`busno` = `b`.`busno`) and (`ts`.`bookingdate` between (curdate() - interval 2 month) and curdate())) group by `b`.`busno`,`b`.`licno`,`b`.`noofseats`,`b`.`ttid`,`b`.`routeid`,`b`.`eid` order by count(0) desc limit 1 */;
/*!50001 SET character_set_client      = @saved_cs_client */;
/*!50001 SET character_set_results     = @saved_cs_results */;
/*!50001 SET collation_connection      = @saved_col_connection */;

--
-- Final view structure for view `potential_astar_passenger`
--

/*!50001 DROP VIEW IF EXISTS `potential_astar_passenger`*/;
/*!50001 SET @saved_cs_client          = @@character_set_client */;
/*!50001 SET @saved_cs_results         = @@character_set_results */;
/*!50001 SET @saved_col_connection     = @@collation_connection */;
/*!50001 SET character_set_client      = utf8mb4 */;
/*!50001 SET character_set_results     = utf8mb4 */;
/*!50001 SET collation_connection      = utf8mb4_0900_ai_ci */;
/*!50001 CREATE ALGORITHM=UNDEFINED */
/*!50013 DEFINER=`root`@`localhost` SQL SECURITY DEFINER */
/*!50001 VIEW `potential_astar_passenger` AS select `p`.`fname` AS `fname`,`ppn`.`phonenumber` AS `phonenumber`,`p`.`pid` AS `pid` from (((`person` `p` join `personphonenumber` `ppn`) join `aclass_passenger` `acp`) join `ticketsales` `ts`) where ((`p`.`pid` = `ppn`.`pid`) and (`p`.`pid` = `acp`.`pid`) and (`acp`.`pid` = `ts`.`pid`) and (`ts`.`bookingdate` between (curdate() - interval 2 month) and curdate())) group by `p`.`fname`,`ppn`.`phonenumber`,`p`.`pid` having (count(0) > 4) */;
/*!50001 SET character_set_client      = @saved_cs_client */;
/*!50001 SET character_set_results     = @saved_cs_results */;
/*!50001 SET collation_connection      = @saved_col_connection */;

--
-- Final view structure for view `top_astar_passenger`
--

/*!50001 DROP VIEW IF EXISTS `top_astar_passenger`*/;
/*!50001 SET @saved_cs_client          = @@character_set_client */;
/*!50001 SET @saved_cs_results         = @@character_set_results */;
/*!50001 SET @saved_col_connection     = @@collation_connection */;
/*!50001 SET character_set_client      = utf8mb4 */;
/*!50001 SET character_set_results     = utf8mb4 */;
/*!50001 SET collation_connection      = utf8mb4_0900_ai_ci */;
/*!50001 CREATE ALGORITHM=UNDEFINED */
/*!50013 DEFINER=`root`@`localhost` SQL SECURITY DEFINER */
/*!50001 VIEW `top_astar_passenger` AS select `p`.`pid` AS `pid`,`p`.`fname` AS `fname`,`p`.`lname` AS `lname`,`tc`.`date_of_issue` AS `date_of_issue`,count(0) AS `bookings` from ((`person` `p` join `travelcard` `tc`) join `ticketsales` `ts`) where ((`p`.`pid` = `tc`.`pid`) and (`ts`.`pid` = `tc`.`pid`) and (`ts`.`bookingdate` between cast((curdate() - interval 1 month) as date) and curdate())) group by `p`.`pid`,`p`.`fname`,`p`.`lname`,`tc`.`date_of_issue` having (count(0) > 6) */;
/*!50001 SET character_set_client      = @saved_cs_client */;
/*!50001 SET character_set_results     = @saved_cs_results */;
/*!50001 SET collation_connection      = @saved_col_connection */;

--
-- Final view structure for view `top_employee`
--

/*!50001 DROP VIEW IF EXISTS `top_employee`*/;
/*!50001 SET @saved_cs_client          = @@character_set_client */;
/*!50001 SET @saved_cs_results         = @@character_set_results */;
/*!50001 SET @saved_col_connection     = @@collation_connection */;
/*!50001 SET character_set_client      = utf8mb4 */;
/*!50001 SET character_set_results     = utf8mb4 */;
/*!50001 SET collation_connection      = utf8mb4_0900_ai_ci */;
/*!50001 CREATE ALGORITHM=UNDEFINED */
/*!50013 DEFINER=`root`@`localhost` SQL SECURITY DEFINER */
/*!50001 VIEW `top_employee` AS select `p`.`pid` AS `pid`,`p`.`fname` AS `fname`,`p`.`mname` AS `mname`,`p`.`lname` AS `lname`,`p`.`address` AS `address`,`p`.`gender` AS `gender` from ((`person` `p` join `employee` `e`) join `ticketsales` `ts`) where ((`p`.`pid` = `e`.`eid`) and (`e`.`eid` = `ts`.`eid`) and (`ts`.`bookingdate` between (curdate() - interval 1 month) and curdate())) group by `p`.`fname`,`p`.`pid` order by count(0) desc limit 1 */;
/*!50001 SET character_set_client      = @saved_cs_client */;
/*!50001 SET character_set_results     = @saved_cs_results */;
/*!50001 SET collation_connection      = @saved_col_connection */;
/*!40103 SET TIME_ZONE=@OLD_TIME_ZONE */;

/*!40101 SET SQL_MODE=@OLD_SQL_MODE */;
/*!40014 SET FOREIGN_KEY_CHECKS=@OLD_FOREIGN_KEY_CHECKS */;
/*!40014 SET UNIQUE_CHECKS=@OLD_UNIQUE_CHECKS */;
/*!40101 SET CHARACTER_SET_CLIENT=@OLD_CHARACTER_SET_CLIENT */;
/*!40101 SET CHARACTER_SET_RESULTS=@OLD_CHARACTER_SET_RESULTS */;
/*!40101 SET COLLATION_CONNECTION=@OLD_COLLATION_CONNECTION */;
/*!40111 SET SQL_NOTES=@OLD_SQL_NOTES */;

-- Dump completed on 2021-12-08  2:18:02
